PDB,Original_Chain,Type,PDBspecies,frame_ig,cdr1_len,cdr1_start,cdr1_end,cdr1_sequence,cdr2_len,cdr2_start,cdr2_end,cdr2_sequence,resolution
4FQJ,H,H,Homo.sapiens,IGHV1-18*01,13,23,35,RASGYIFTESGIT,10,50,59,WISGYSGDTK,2.5
4HCR,H,H,Homo.sapiens,IGHV1-18*01,13,23,35,KASGYTFTSYGIN,10,50,59,WISVYSGNTN,2.3
4HCR,M,H,Homo.sapiens,IGHV1-18*01,13,23,35,-,10,50,59,-,2.3
5FCS,H,H,Homo.sapiens,IGHV1-18*01,13,141,153,-,10,168,177,WISAYNGNTN,2.01
5WN9,H,H,Homo.sapiens,IGHV1-18*01,13,25,37,KASGYVFTNYGVS,10,52,61,WSSPYNGNTY,1.551
6B0G,D,H,Homo.sapiens,IGHV1-18*01,13,23,35,-,10,50,59,WISAYNGNRK,1.9
6BLA,H,H,Homo.sapiens,IGHV1-18*01,13,23,35,KASGYTFIHFGIS,10,50,59,WIDTNNGNTN,1.55
6MEG,H,H,Homo.sapiens,IGHV1-18*01,13,23,35,KASGYIFTSHGIS,10,50,59,WISVYNGYTN,1.41
6MTJ,D,H,Homo.sapiens,IGHV1-18*01,13,23,35,-,10,50,59,-,2.336
6RCS,A,H,Homo.sapiens,IGHV1-18*01,13,28,40,-,10,55,64,WISGYDGNTN,2.1
2D7T,H,H,Homo.sapiens,IGHV1-2*03,13,23,35,KASGYTFTGNYMH,10,50,59,WINPKSGDTN,1.7
4HKX,A,H,Homo.sapiens,IGHV1-2*03,13,23,35,KASGYTFTDNYIH,10,50,59,WIHPNSGATK,2.5
4IMK,A,H,Homo.sapiens,IGHV1-2*03,13,23,35,-,10,50,59,-,2.202
4IMK,B,H,Homo.sapiens,IGHV1-2*03,13,23,35,-,10,50,59,-,2.202
4JDV,A,H,Homo.sapiens,IGHV1-2*03,13,23,35,KASGYTFTGYYMH,10,50,59,WINPNSGGTN,1.65
4JDV,H,H,Homo.sapiens,IGHV1-2*03,13,23,35,-,10,50,59,-,1.65
4JPI,A,H,Homo.sapiens,IGHV1-2*03,13,23,35,-,10,50,59,-,2.1
4JPI,H,H,Homo.sapiens,IGHV1-2*03,13,23,35,-,10,50,59,-,2.1
4OSU,H,H,Homo.sapiens,IGHV1-2*03,13,23,35,KASGYSLKDHYMV,10,50,59,WINPQSGGTG,1.87
4OT1,H,H,Homo.sapiens,IGHV1-2*03,13,23,35,-,10,50,59,-,2.11
4WUK,H,H,Homo.sapiens,IGHV1-2*03,13,23,35,KASGYTFTDYHIN,10,50,59,WIHPNSGDTN,1.7
4XVT,H,H,Homo.sapiens,IGHV1-2*03,13,23,35,KTSGYTFLNCPIN,10,50,59,WMKPRGGAVN,1.69
4YDL,B,H,Homo.sapiens,IGHV1-2*03,13,23,35,-,10,50,59,-,1.8
4YDL,H,H,Homo.sapiens,IGHV1-2*03,13,23,35,EASGYKFIDHFIH,10,50,59,WINPRGGGVN,1.8
5F7E,H,H,Homo.sapiens,IGHV1-2*03,13,23,35,-,10,50,59,-,1.9
5I8C,A,H,Homo.sapiens,IGHV1-2*03,13,23,35,RAFGYTFTGNALH,10,50,59,WINPHSGDTT,1.54
5IFA,H,H,Homo.sapiens,IGHV1-2*03,13,23,35,-,10,50,59,-,1.821
5TE7,H,H,Homo.sapiens,IGHV1-2*03,13,23,35,QTSGYTFTAHILF,10,50,59,WIKPQYGAVN,2.15
5TF1,H,H,Homo.sapiens,IGHV1-2*03,13,23,35,-,10,50,59,WINPNGGDTN,1.858
5TFS,H,H,Homo.sapiens,IGHV1-2*03,13,23,35,-,10,50,59,-,2.319
5TPL,H,H,Homo.sapiens,IGHV1-2*03,13,23,35,KASGYTLSDYYVH,10,50,59,WINPTSGRTI,2.5
5TPP,H,H,Homo.sapiens,IGHV1-2*03,13,23,35,APSGYTFTDFYIH,10,50,59,WMNPKTGRTN,1.85
5U15,A,H,Homo.sapiens,IGHV1-2*03,13,23,35,-,10,50,59,-,2.26
5U15,H,H,Homo.sapiens,IGHV1-2*03,13,23,35,-,10,50,59,-,2.26
5W0D,B,H,Homo.sapiens,IGHV1-2*03,13,23,35,-,10,50,59,-,1.899
5WB9,H,H,Homo.sapiens,IGHV1-2*03,13,23,35,ASSGYRFTNYFIH,10,50,59,WMNPLHGGVN,2.4
5WCA,H,H,Homo.sapiens,IGHV1-2*03,13,23,35,KASGYTFTGNYVH,10,50,59,WINPKSDGTN,1.369
6AOD,B,H,Homo.sapiens,IGHV1-2*03,13,23,35,-,10,50,59,WIDPDEGDTN,1.8
6AZZ,C,H,Homo.sapiens,IGHV1-2*03,13,23,35,KTSGYTFTDYYIH,10,50,59,WINPTDGGTN,2.4
6AZZ,F,H,Homo.sapiens,IGHV1-2*03,13,23,35,-,10,50,59,-,2.4
6B08,C,H,Homo.sapiens,IGHV1-2*03,13,23,35,-,10,50,59,-,2.2
6CBP,A,H,Homo.sapiens,IGHV1-2*03,13,23,35,-,10,50,59,WMNPQTGRTN,2.17
6DLA,H,H,Homo.sapiens,IGHV1-2*03,13,23,35,-,10,50,59,-,2.004
6DLB,H,H,Homo.sapiens,IGHV1-2*03,13,23,35,-,10,50,59,-,2.2
6MFT,A,H,Homo.sapiens,IGHV1-2*03,13,23,35,-,10,50,59,-,2.315
6MFT,H,H,Homo.sapiens,IGHV1-2*03,13,23,35,-,10,50,59,-,2.315
6OL7,C,H,Homo.sapiens,IGHV1-2*03,13,29,41,-,10,56,65,-,2.419
6OL7,H,H,Homo.sapiens,IGHV1-2*03,13,29,41,-,10,56,65,-,2.419
6OL7,I,H,Homo.sapiens,IGHV1-2*03,13,29,41,-,10,56,65,-,2.419
6OL7,M,H,Homo.sapiens,IGHV1-2*03,13,29,41,-,10,56,65,-,2.419
1IQD,B,H,Homo.sapiens,IGHV1-24*01,13,23,35,KVSGYTLTELPVH,10,50,59,SFDPESGESI,2
3LMJ,H,H,Homo.sapiens,IGHV1-24*01,13,23,35,KVSGFTLTGLSIH,10,50,59,GFGPEENEII,2.2
5E8E,B,H,Homo.sapiens,IGHV1-24*01,13,23,35,KVSGYTLTEAAIH,10,50,59,GLDPQDGETV,1.9
6DC4,H,H,Homo.sapiens,IGHV1-24*01,13,23,35,KISGHTLIKLSIH,10,50,59,GYEGEVDEIF,1.7
1N0X,H,H,Homo.sapiens,IGHV1-3*01,13,23,35,QASGYRFSNFVIH,10,50,59,-,1.8
1N0X,K,H,Homo.sapiens,IGHV1-3*01,13,23,35,-,10,50,59,WINPYNGNKE,1.8
1VGE,H,H,Homo.sapiens,IGHV1-3*01,13,24,36,KASGYSFTSYGLH,10,51,60,WISAGTGNTK,2
3JUY,A,H,Homo.sapiens,IGHV1-3*01,13,29,41,-,10,56,65,-,2.5
3JUY,B,H,Homo.sapiens,IGHV1-3*01,13,29,41,-,10,56,65,-,2.5
3JUY,C,H,Homo.sapiens,IGHV1-3*01,13,29,41,QASGYRFSHFTVH,10,56,65,-,2.5
3JUY,D,H,Homo.sapiens,IGHV1-3*01,13,29,41,-,10,56,65,-,2.5
3JUY,E,H,Homo.sapiens,IGHV1-3*01,13,29,41,-,10,56,65,-,2.5
3JUY,F,H,Homo.sapiens,IGHV1-3*01,13,29,41,-,10,56,65,-,2.5
4J6R,H,H,Homo.sapiens,IGHV1-3*01,13,23,35,EASGYSFTDYVLQ,10,50,59,WIKPERGAVS,1.64
4N0Y,H,H,Homo.sapiens,IGHV1-3*01,13,24,36,KASGYTFTSYAIH,10,51,60,WINPGNGNAK,1.749
5L6Y,H,H,Homo.sapiens,IGHV1-3*01,13,23,35,KASGYTFTNYGLS,10,50,59,WISANNGDTN,1.99
5N4J,H,H,Homo.sapiens,IGHV1-3*01,13,22,34,KASGYTFTNYGLH,10,49,58,WVSTNNGHTN,1.503
5OTJ,B,H,Homo.sapiens,IGHV1-3*01,13,23,35,-,10,50,59,-,2.35
5OTJ,H,H,Homo.sapiens,IGHV1-3*01,13,23,35,-,10,50,59,RINTDNGNTK,2.35
6B5M,H,H,Homo.sapiens,IGHV1-3*01,13,23,35,-,10,50,59,WIKAGNGNTR,1.79
6DB6,H,H,Homo.sapiens,IGHV1-3*01,13,23,35,KASGYNFTTYAMH,10,50,59,WINGGNGDTR,1.978
6DB7,H,H,Homo.sapiens,IGHV1-3*01,13,23,35,-,10,50,59,WINGDDGKTE,2.213
6DB7,I,H,Homo.sapiens,IGHV1-3*01,13,23,35,EASGYTFAKFAIH,10,50,59,-,2.213
6FG1,A,H,Homo.sapiens,IGHV1-3*01,13,23,35,-,10,50,59,WINAGHGTTK,2.03
5F96,H,H,Homo.sapiens,IGHV1-45*01,13,23,35,VASGYTFNDYYIH,10,50,59,YIDPANGRPD,2.241
3N9G,H,H,Homo.sapiens,IGHV1-46*01,13,23,35,KASGYTFTHYYMH,10,50,59,IINPSGGSTT,1.434
4LSU,H,H,Homo.sapiens,IGHV1-46*01,13,23,35,QTSGYTFSDYFIH,10,50,59,WMNPQWGQVN,2.3
5AWN,H,H,Homo.sapiens,IGHV1-46*01,13,23,35,KASGYNFIDYHIH,10,50,59,WIDPVGGITK,1.887
5AZE,H,H,Homo.sapiens,IGHV1-46*01,13,23,35,KASGYTFTSYYMH,10,50,59,IINPSGGSTS,2.2
5CCK,H,H,Homo.sapiens,IGHV1-46*01,13,23,35,RASGYKFTDYYMH,10,50,59,WVNTNGGFTK,1.95
5CHN,A,H,Homo.sapiens,IGHV1-46*01,13,23,35,KASGYTFTSYFMH,10,50,59,ITYPGGGSPS,2.047
5CHN,H,H,Homo.sapiens,IGHV1-46*01,13,23,35,-,10,50,59,-,2.047
5F9O,H,H,Homo.sapiens,IGHV1-46*01,13,23,35,VASGYNFNDYYIH,10,50,59,WIDPSGGRTD,1.86
5NHW,H,H,Homo.sapiens,IGHV1-46*01,13,23,35,KASGYTFTSSYIN,10,50,59,TINPVSGSTS,1.78
6BTJ,A,H,Homo.sapiens,IGHV1-46*01,13,23,35,-,10,50,59,IINPNGGGTS,1.999
6BTJ,H,H,Homo.sapiens,IGHV1-46*01,13,23,35,KASGYTLTRYYFH,10,50,59,-,1.999
6ID4,C,H,Homo.sapiens,IGHV1-46*01,13,23,35,-,10,50,59,WINPNSGGTS,2.4
6ID4,H,H,Homo.sapiens,IGHV1-46*01,13,23,35,-,10,50,59,-,2.4
1RZ7,H,H,Homo.sapiens,IGHV1-69-2*01,13,23,35,KASGYTFSDFYMY,10,50,59,LIDPEDADTM,2
1RHH,B,H,Homo.sapiens,IGHV1-69*01,13,24,36,KASGGTFSMYGFN,10,51,60,GIIPIFGTSN,1.9
1RHH,D,H,Homo.sapiens,IGHV1-69*01,13,24,36,-,10,51,60,-,1.9
1RZF,H,H,Homo.sapiens,IGHV1-69*01,13,23,35,QASGATLNSHAFS,10,50,59,GIIPIFGSSH,1.7
1RZG,A,H,Homo.sapiens,IGHV1-69*01,13,23,35,-,10,50,59,-,2
1RZG,C,H,Homo.sapiens,IGHV1-69*01,13,23,35,-,10,50,59,GIIPIFNIAH,2
2CMR,H,H,Homo.sapiens,IGHV1-69*01,13,23,35,KASGDTFSSYAIS,10,50,59,-,2
2FX7,H,H,Homo.sapiens,IGHV1-69*01,13,23,35,-,10,50,59,-,1.76
2XRA,H,H,Homo.sapiens,IGHV1-69*01,13,21,33,KTSGGTFNRLAMS,10,48,57,GIMPIFDITN,2.3
3GBN,H,H,Homo.sapiens,IGHV1-69*01,13,23,35,KASGGPFRSYAIS,10,50,59,GIIPIFGTTK,2.2
3GKW,H,H,Homo.sapiens,IGHV1-69*01,13,23,35,KASGYTFTNYYIY,10,50,59,GINPTSGGSN,2.5
3MA9,H,H,Homo.sapiens,IGHV1-69*01,13,23,35,KASGGTFNSYAFS,10,50,59,SIIPIFGTTN,2.05
3MAC,H,H,Homo.sapiens,IGHV1-69*01,13,23,35,-,10,50,59,SIIPLFGFVV,2.5
3NPS,B,H,Homo.sapiens,IGHV1-69*01,13,23,35,-,10,49,58,-,1.5
3QEG,H,H,Homo.sapiens,IGHV1-69*01,13,23,35,RASRGTFSSYGIT,10,50,59,GIIPIFDVTN,1.95
4FQI,H,H,Homo.sapiens,IGHV1-69*01,13,23,35,KSSGGTSNNYAIS,10,50,59,GISPIFGSTA,1.71
4FZE,H,H,Homo.sapiens,IGHV1-69*01,13,23,35,KASRGTLSSYFIS,10,50,59,GITPLLGTAN,1.999
4JHA,H,H,Homo.sapiens,IGHV1-69*01,13,23,35,QASGGPLRNYIIN,10,50,59,GIIPVLGTVH,1.6
4JZN,A,H,Homo.sapiens,IGHV1-69*01,13,23,35,-,10,50,59,-,2.05
4JZN,C,H,Homo.sapiens,IGHV1-69*01,13,23,35,-,10,50,59,-,2.05
4JZN,I,H,Homo.sapiens,IGHV1-69*01,13,23,35,EASGGTLSNYVIT,10,50,59,GFIPTFRTAM,2.05
4JZO,A,H,Homo.sapiens,IGHV1-69*01,13,23,35,-,10,50,59,-,2.22
4JZO,C,H,Homo.sapiens,IGHV1-69*01,13,23,35,-,10,50,59,-,2.22
4JZO,D,H,Homo.sapiens,IGHV1-69*01,13,23,35,-,10,50,59,-,2.22
4JZO,G,H,Homo.sapiens,IGHV1-69*01,13,23,35,-,10,50,59,-,2.22
4KQ3,H,H,Homo.sapiens,IGHV1-69*01,13,23,35,-,10,50,59,SIIPWFGTTN,1.92
4M62,H,H,Homo.sapiens,IGHV1-69*01,13,23,35,-,10,50,59,-,1.8
4M62,I,H,Homo.sapiens,IGHV1-69*01,13,23,35,-,10,50,59,-,1.8
4NWT,H,H,Homo.sapiens,IGHV1-69*01,13,23,35,KASGGTFSNYAIS,10,50,59,-,1.75
4OB5,H,H,Homo.sapiens,IGHV1-69*01,13,23,35,-,10,50,59,-,1.7
4XAK,D,H,Homo.sapiens,IGHV1-69*01,13,23,35,-,10,50,59,-,2.45
4XAK,H,H,Homo.sapiens,IGHV1-69*01,13,23,35,-,10,50,59,GIIPIFGTAS,2.45
4XC3,H,H,Homo.sapiens,IGHV1-69*01,13,23,35,-,10,50,59,-,1.63
4XCF,H,H,Homo.sapiens,IGHV1-69*01,13,23,35,KASGGSFSTYALS,10,50,59,GVIPLLTITN,1.43
4Z0X,B,H,Homo.sapiens,IGHV1-69*01,13,22,34,EASGGTHSNYVIT,10,49,58,GFIPDFRTAM,2
5ALB,H,H,Homo.sapiens,IGHV1-69*01,13,23,35,-,10,50,59,-,2.16
5ALC,H,H,Homo.sapiens,IGHV1-69*01,13,23,35,KASGGTFDSYSIH,10,50,59,GIIPAFGTLS,1.7
5C2B,H,H,Homo.sapiens,IGHV1-69*01,13,23,35,KASGGTFSSYAIS,10,50,59,GIIPIFGTAN,1.405
5C6W,H,H,Homo.sapiens,IGHV1-69*01,13,23,35,-,10,50,59,-,1.54
5C6W,J,H,Homo.sapiens,IGHV1-69*01,13,23,35,-,10,50,59,-,1.54
5CIL,H,H,Homo.sapiens,IGHV1-69*01,13,22,34,-,10,49,58,-,1.81
5CZX,C,H,Homo.sapiens,IGHV1-69*01,13,23,35,-,10,50,59,GIVPYHGITD,2.1
5CZX,H,H,Homo.sapiens,IGHV1-69*01,13,23,35,KASGGTFRTYAMH,10,50,59,-,2.1
5I16,B,H,Homo.sapiens,IGHV1-69*01,13,23,35,-,10,50,59,-,1.9
5I16,H,H,Homo.sapiens,IGHV1-69*01,13,23,35,-,10,50,59,-,1.9
5I18,H,H,Homo.sapiens,IGHV1-69*01,13,23,35,-,10,50,59,-,1.92
5J75,A,H,Homo.sapiens,IGHV1-69*01,13,23,35,-,10,50,59,GTIPIFGTAD,2
5J75,B,H,Homo.sapiens,IGHV1-69*01,13,23,35,-,10,50,59,-,2
5KW9,H,H,Homo.sapiens,IGHV1-69*01,13,23,35,RTSGDTFNTHAIS,10,50,59,-,2.3
5OD8,A,H,Homo.sapiens,IGHV1-69*01,13,23,35,RASGGTFSNYVIS,10,50,59,GIIPIFGTAH,2.2
5VAG,C,H,Homo.sapiens,IGHV1-69*01,13,23,35,-,10,50,59,-,1.9
5WKZ,H,H,Homo.sapiens,IGHV1-69*01,13,23,35,-,10,50,59,-,1.85
5WL2,A,H,Homo.sapiens,IGHV1-69*01,13,23,35,-,10,50,59,-,2
5WL2,H,H,Homo.sapiens,IGHV1-69*01,13,23,35,-,10,50,59,-,2
5XAJ,E,H,Homo.sapiens,IGHV1-69*01,13,23,35,-,10,50,59,-,2.5
5XAJ,F,H,Homo.sapiens,IGHV1-69*01,13,23,35,-,10,50,59,-,2.5
5Y9K,H,H,Homo.sapiens,IGHV1-69*01,13,23,35,KASGGTFNNNAIN,10,50,59,GIIPMFGTAK,1.9
6C6Z,C,H,Homo.sapiens,IGHV1-69*01,13,23,35,KASGGTFSIYAIS,10,50,59,-,2.1
6C6Z,H,H,Homo.sapiens,IGHV1-69*01,13,23,35,-,10,50,59,-,2.1
6MEE,A,H,Homo.sapiens,IGHV1-69*01,13,23,35,-,10,50,59,GMSPISNTPK,1.36
6MEE,C,H,Homo.sapiens,IGHV1-69*01,13,23,35,TTSGGTYINYAIS,10,50,59,-,1.36
6RCO,A,H,Homo.sapiens,IGHV1-69*01,13,26,38,KASGGTFSNYAIN,10,53,62,-,1.66
6RCO,C,H,Homo.sapiens,IGHV1-69*01,13,26,38,-,10,53,62,GIIPIFATTN,1.66
1G9M,H,H,Homo.sapiens,IGHV1-69*02,13,23,35,-,10,50,59,-,2.2
2G75,A,H,Homo.sapiens,IGHV1-69*02,13,23,35,-,10,50,59,-,2.28
2G75,C,H,Homo.sapiens,IGHV1-69*02,13,23,35,KASGGTFSSYTIS,10,50,59,GITPILGIAN,2.28
2NXY,D,H,Homo.sapiens,IGHV1-69*02,13,23,35,-,10,50,59,-,2
2NY1,D,H,Homo.sapiens,IGHV1-69*02,13,23,35,KASGDTFIRYSFT,10,50,59,RIITILDVAH,1.99
3W9E,A,H,Homo.sapiens,IGHV1-69*02,13,23,35,TASGGTLRTYGVS,10,50,59,RTIPLFGKTD,2.3
4D9L,H,H,Homo.sapiens,IGHV1-69*02,13,23,35,-,10,50,59,-,2.485
4D9L,I,H,Homo.sapiens,IGHV1-69*02,13,23,35,KASGGNFNTYTIS,10,50,59,RIIPIFGIVN,2.485
4D9L,J,H,Homo.sapiens,IGHV1-69*02,13,23,35,-,10,50,59,-,2.485
4D9L,K,H,Homo.sapiens,IGHV1-69*02,13,23,35,-,10,50,59,-,2.485
5CIN,H,H,Homo.sapiens,IGHV1-69*02,13,22,34,-,10,49,58,-,1.7
6MTP,A,H,Homo.sapiens,IGHV1-69*02,13,23,35,KASGGTFSTLTLT,10,50,59,GIIPLLSLPN,2.036
6MTP,H,H,Homo.sapiens,IGHV1-69*02,13,23,35,-,10,50,59,-,2.036
6MTT,H,H,Homo.sapiens,IGHV1-69*02,13,23,35,KASGGTFSTYTFS,10,50,59,GILPLLNIAN,1.7
3U1S,H,H,Homo.sapiens,IGHV1-8*01,13,46,58,KASGNSFSNHDVH,10,73,82,WMSHEGDKTG,2.3
3X3F,H,H,Homo.sapiens,IGHV1-8*01,13,23,35,KTSGYTFTNYKIN,10,50,59,WMNPDTDSTG,2.1
4OLU,H,H,Homo.sapiens,IGHV1-8*01,13,23,35,-,10,50,59,WMKPRGGAVS,2.202
4OLV,H,H,Homo.sapiens,IGHV1-8*01,13,23,35,-,10,50,59,WMKPRFGAVS,2.5
4OLX,H,H,Homo.sapiens,IGHV1-8*01,13,23,35,-,10,50,59,WMKPRLGAVS,2.2
4OLZ,H,H,Homo.sapiens,IGHV1-8*01,13,23,35,RASGYEFINCPIN,10,50,59,WMKPRWGAVS,2.1
4OM0,H,H,Homo.sapiens,IGHV1-8*01,13,23,35,-,10,50,59,WMKPRYGAVS,2.289
4OM1,H,H,Homo.sapiens,IGHV1-8*01,13,23,35,RASGYEFQNCPIN,10,50,59,WMKPRWGAVN,2.131
4TOY,H,H,Homo.sapiens,IGHV1-8*01,13,23,35,KTSGYRFNFYHIN,10,50,59,WISPYSGDKN,1.551
4XMP,H,H,Homo.sapiens,IGHV1-8*01,13,23,35,VTSGYEFVEILIN,10,50,59,WMNPRGGGVN,1.783
4XNY,H,H,Homo.sapiens,IGHV1-8*01,13,23,35,GTSGYDFMESLIN,10,50,59,-,2.3
5UXQ,A,H,Homo.sapiens,IGHV1-8*01,13,21,33,-,10,48,57,-,2.415
5UXQ,H,H,Homo.sapiens,IGHV1-8*01,13,21,33,KASGNTFSKYDVH,10,48,57,WMSHEGDKTE,2.415
6DW2,B,H,Homo.sapiens,IGHV1-8*01,13,46,58,EASGYTLTSYDIN,10,73,82,WMNANSGNTG,1.7
2F5A,H,H,Homo.sapiens,IGHV2-5*01,15,23,37,-,9,52,60,-,2.05
3IDG,B,H,Homo.sapiens,IGHV2-5*01,15,23,37,SFSGFSLSDFGVGVG,9,52,60,IIYSDDDKR,1.86
3QRG,H,H,Homo.sapiens,IGHV2-5*01,15,23,37,TFSGFSLSTSGMGVS,9,52,60,-,1.699
3QHF,H,H,Homo.sapiens,IGHV2-70*01,15,23,37,-,9,52,60,LIDWDDDTY,1.655
3INU,H,H,Homo.sapiens,IGHV3-11*01,13,23,35,AASGFTLINYRMN,10,50,59,SISSSSSYIH,2.5
3INU,M,H,Homo.sapiens,IGHV3-11*01,13,23,35,-,10,50,59,-,2.5
4NIK,B,H,Homo.sapiens,IGHV3-11*01,13,25,37,AASGFTFSNYSMN,10,52,61,SISGSSRYIY,2.5
5IFH,H,H,Homo.sapiens,IGHV3-11*01,13,23,35,AASGFTFRSYSMN,10,50,59,SIISSSSYIY,2.293
5MES,H,H,Homo.sapiens,IGHV3-11*01,13,23,35,-,10,50,59,-,2.24
5OCA,H,H,Homo.sapiens,IGHV3-11*01,13,23,35,-,10,50,59,SISSSSSYIS,2.3
5TY6,H,H,Homo.sapiens,IGHV3-11*01,13,23,35,IGSEFTFSNYGMN,10,50,59,YITGASATVY,1.361
5U4R,A,H,Homo.sapiens,IGHV3-11*01,13,23,35,EVSGFTFSDYHAT,10,50,59,YISGSGSTTY,1.762
5U4R,H,H,Homo.sapiens,IGHV3-11*01,13,23,35,-,10,50,59,-,1.762
6B0W,H,H,Homo.sapiens,IGHV3-11*01,13,23,35,-,10,50,59,SITSSSSYIY,1.9
4LKC,B,H,Homo.sapiens,IGHV3-13*01,13,23,35,-,9,50,58,AIGTAGDTY,2.2
5EWI,H,H,Homo.sapiens,IGHV3-13*01,13,23,35,EASGESVGDNDMH,9,50,58,SIGSSGDTY,1.6
5FHA,H,H,Homo.sapiens,IGHV3-13*01,13,23,35,AASGFALRMYDMH,9,50,58,AVGPSGDTY,1.973
1Q1J,H,H,Homo.sapiens,IGHV3-15*01,13,23,35,-,12,50,61,-,2.5
1Q1J,I,H,Homo.sapiens,IGHV3-15*01,13,23,35,-,12,50,61,-,2.5
3C2A,H,H,Homo.sapiens,IGHV3-15*01,13,23,35,-,12,50,61,-,2.1
3C2A,I,H,Homo.sapiens,IGHV3-15*01,13,23,35,-,12,50,61,-,2.1
4M1D,H,H,Homo.sapiens,IGHV3-15*01,13,23,35,-,12,50,61,-,1.8
4M1D,I,H,Homo.sapiens,IGHV3-15*01,13,23,35,VASGFTFSDVWLN,12,50,61,RIKSRTDGGTTD,1.8
5IK3,A,H,Homo.sapiens,IGHV3-15*01,13,23,35,AASGFTFSNAWFN,12,50,61,-,1.65
5IK3,C,H,Homo.sapiens,IGHV3-15*01,13,23,35,-,12,50,61,RIKTNTDGGTTD,1.65
5JO5,A,H,Homo.sapiens,IGHV3-15*01,13,23,35,-,12,50,61,-,1.7
5JO5,C,H,Homo.sapiens,IGHV3-15*01,13,23,35,-,12,50,61,-,1.7
5JO5,E,H,Homo.sapiens,IGHV3-15*01,13,23,35,-,12,50,61,-,1.7
5JO5,H,H,Homo.sapiens,IGHV3-15*01,13,23,35,-,12,50,61,-,1.7
5JR1,H,H,Homo.sapiens,IGHV3-15*01,13,23,35,AASGFTFSNAWMS,12,50,61,RIKSKTDGGTTD,1.601
5SY8,H,H,Homo.sapiens,IGHV3-15*01,13,23,35,SASGFDFDNAWMT,12,50,61,RITGPGEGWSVD,1.62
5T29,H,H,Homo.sapiens,IGHV3-15*01,13,23,35,-,12,50,61,-,2.03
5T5B,A,H,Homo.sapiens,IGHV3-15*01,13,23,35,-,12,50,61,-,2.07
5T5B,H,H,Homo.sapiens,IGHV3-15*01,13,23,35,-,12,50,61,-,2.07
5U3L,A,H,Homo.sapiens,IGHV3-15*01,13,23,35,-,12,50,61,-,2.165
5U3L,H,H,Homo.sapiens,IGHV3-15*01,13,23,35,-,12,50,61,-,2.165
5U3N,H,H,Homo.sapiens,IGHV3-15*01,13,23,35,VTSGFTFSNTWMS,12,50,61,RISRVGDGPIID,2
5U3O,H,H,Homo.sapiens,IGHV3-15*01,13,23,35,SASGFFFDNSWMG,12,50,61,RIRRLKDGATGE,1.761
5U3P,H,H,Homo.sapiens,IGHV3-15*01,13,23,35,VGFGFNFANDWMG,12,50,61,RIRRLKDGAKAE,1.5
6CA6,B,H,Homo.sapiens,IGHV3-15*01,13,23,35,VGSEFTFSEAWMT,12,50,61,HMRPTTEGGAKD,2.43
6CA6,H,H,Homo.sapiens,IGHV3-15*01,13,23,35,-,12,50,61,-,2.43
6CA7,H,H,Homo.sapiens,IGHV3-15*01,13,23,35,AASGFTFTNAWLD,12,50,61,-,1.643
6CT7,A,H,Homo.sapiens,IGHV3-15*01,13,23,35,-,12,50,61,RIKSTADGGTTS,1.903
6CT7,H,H,Homo.sapiens,IGHV3-15*01,13,23,35,AVSGFDFEKAWMS,12,50,61,-,1.903
3TCL,A,H,Homo.sapiens,IGHV3-20*01,13,23,35,-,10,50,59,GTNWNGGDSR,1.906
3TCL,H,H,Homo.sapiens,IGHV3-20*01,13,23,35,KGSGFIFENFGFG,10,50,59,-,1.906
6APC,H,H,Homo.sapiens,IGHV3-21*01,13,23,35,AASGFTFSSYSMN,10,50,59,SISSSSSYIY,1.7
6PE7,H,H,Homo.sapiens,IGHV3-21*01,13,23,35,AASGFTFSDYGMN,10,50,59,YISSGRGNIY,1.74
1IGM,H,H,Homo.sapiens,IGHV3-23*01,13,23,35,AASGFTFNIFVMS,10,50,59,GVFGSGGNTD,2.3
1OHQ,A,H,Homo.sapiens,IGHV3-23*01,13,23,35,AASGFRISDEDMG,10,50,59,SIYGPSGSTY,2
1OHQ,B,H,Homo.sapiens,IGHV3-23*01,13,23,35,-,10,50,59,-,2
1OL0,A,H,Homo.sapiens,IGHV3-23*01,13,23,35,-,10,50,59,-,1.8
1OL0,B,H,Homo.sapiens,IGHV3-23*01,13,23,35,-,10,50,59,-,1.8
1T2J,A,H,Homo.sapiens,IGHV3-23*01,13,23,35,AASGFTFSNSAMS,10,50,59,SISGSGGNTY,1.5
2A9M,H,H,Homo.sapiens,IGHV3-23*01,13,23,35,AASGFTFGSFSMS,10,50,59,-,2.1
2A9M,I,H,Homo.sapiens,IGHV3-23*01,13,23,35,-,10,50,59,GLSARSSLTH,2.1
2QQN,H,H,Homo.sapiens,IGHV3-23*01,13,23,35,-,10,50,59,QISPAGGYTN,2.2
2UZI,H,H,Homo.sapiens,IGHV3-23*01,13,23,35,-,10,50,59,-,2
2VYR,E,H,Homo.sapiens,IGHV3-23*01,13,23,35,-,10,50,59,GINARGYTTY,2
2VYR,F,H,Homo.sapiens,IGHV3-23*01,13,23,35,-,10,50,59,-,2
2VYR,G,H,Homo.sapiens,IGHV3-23*01,13,23,35,-,10,50,59,-,2
2VYR,H,H,Homo.sapiens,IGHV3-23*01,13,23,35,AASGFTFEEYAML,10,50,59,-,2
2VYR,I,H,Homo.sapiens,IGHV3-23*01,13,23,35,-,10,50,59,-,2
2VYR,J,H,Homo.sapiens,IGHV3-23*01,13,23,35,-,10,50,59,-,2
2VYR,K,H,Homo.sapiens,IGHV3-23*01,13,23,35,-,10,50,59,-,2
2VYR,L,H,Homo.sapiens,IGHV3-23*01,13,23,35,-,10,50,59,-,2
3BN9,D,H,Homo.sapiens,IGHV3-23*01,13,23,35,-,10,50,59,-,2.173
3BN9,F,H,Homo.sapiens,IGHV3-23*01,13,23,35,-,10,50,59,-,2.173
3GJF,H,H,Homo.sapiens,IGHV3-23*01,13,23,35,-,10,50,59,-,1.9
3GJF,M,H,Homo.sapiens,IGHV3-23*01,13,23,35,AASGFTFSTYQMS,10,50,59,GIVSSGGSTA,1.9
3HI6,H,H,Homo.sapiens,IGHV3-23*01,13,23,35,AASGFTFSRYVMW,10,50,59,-,2.3
3HI6,X,H,Homo.sapiens,IGHV3-23*01,13,23,35,-,10,50,59,YIWPSGGNTY,2.3
3KDM,B,H,Homo.sapiens,IGHV3-23*01,13,23,35,-,10,50,59,-,1.5
3KDM,H,H,Homo.sapiens,IGHV3-23*01,13,23,35,-,10,50,59,AISGSGGSTY,1.5
3QYC,A,H,Homo.sapiens,IGHV3-23*01,13,25,37,AASGVRLSAYDMA,10,52,61,AISSSGGSTY,1.6
3QYC,B,H,Homo.sapiens,IGHV3-23*01,13,25,37,-,10,52,61,-,1.6
3SKJ,H,H,Homo.sapiens,IGHV3-23*01,13,23,35,-,10,50,59,RIGPSGGPTH,2.5
3SKJ,I,H,Homo.sapiens,IGHV3-23*01,13,23,35,AASGFTFSHYMMA,10,50,59,-,2.5
3SO3,C,H,Homo.sapiens,IGHV3-23*01,13,23,35,-,10,50,59,-,2.1
3U30,C,H,Homo.sapiens,IGHV3-23*01,13,23,35,AASGFTFSNTYIS,10,50,59,SITPSSGQTD,2.428
3U30,F,H,Homo.sapiens,IGHV3-23*01,13,23,35,-,10,50,59,-,2.428
3ZHD,A,H,Homo.sapiens,IGHV3-23*01,13,23,35,AASGFTFSSYAMG,10,50,59,LISGSGGSTW,1.962
3ZHD,B,H,Homo.sapiens,IGHV3-23*01,13,23,35,-,10,50,59,-,1.962
4H8W,H,H,Homo.sapiens,IGHV3-23*01,13,23,35,-,10,50,59,SINNSGRNTF,1.85
4NKI,H,H,Homo.sapiens,IGHV3-23*01,13,23,35,AASGFTFSSYIMM,10,50,59,SIYPSGGITF,2.41
4OGY,H,H,Homo.sapiens,IGHV3-23*01,13,23,35,AASGFTFSHYIMM,10,50,59,GIYSSGGITV,2.1
4OGY,M,H,Homo.sapiens,IGHV3-23*01,13,23,35,-,10,50,59,-,2.1
4PUB,H,H,Homo.sapiens,IGHV3-23*01,13,23,35,-,10,50,59,-,1.75
4QHU,B,H,Homo.sapiens,IGHV3-23*01,13,23,35,-,10,50,59,TISLTSGFTY,2.2
4QHU,H,H,Homo.sapiens,IGHV3-23*01,13,23,35,-,10,50,59,-,2.2
4U3X,A,H,Homo.sapiens,IGHV3-23*01,13,23,35,-,10,50,59,-,2.26
4U3X,C,H,Homo.sapiens,IGHV3-23*01,13,23,35,AASGFRFDAEDMG,10,50,59,-,2.26
4UU9,A,H,Homo.sapiens,IGHV3-23*01,13,23,35,-,10,50,59,-,2.12
4UU9,H,H,Homo.sapiens,IGHV3-23*01,13,23,35,-,10,50,59,-,2.12
4XVJ,H,H,Homo.sapiens,IGHV3-23*01,13,24,36,VASGLTFTNFAVS,10,51,60,AISSSDGSTY,2
4YDK,H,H,Homo.sapiens,IGHV3-23*01,13,23,35,EASGFTFNNYAMG,10,50,59,VTSAHGGSAY,2.051
5CSZ,A,H,Homo.sapiens,IGHV3-23*01,13,23,35,-,10,50,59,-,1.8
5CSZ,H,H,Homo.sapiens,IGHV3-23*01,13,23,35,-,10,50,59,AINASGTRTY,1.8
5FGB,C,H,Homo.sapiens,IGHV3-23*01,13,23,35,-,10,50,59,-,1.65
5FGB,E,H,Homo.sapiens,IGHV3-23*01,13,23,35,-,10,50,59,-,1.65
5FGC,E,H,Homo.sapiens,IGHV3-23*01,13,23,35,AASGFNFYTYAMT,10,50,59,ASSSTDGTTY,1.9
5HI4,C,H,Homo.sapiens,IGHV3-23*01,13,40,52,-,10,67,76,-,1.8
5HI4,H,H,Homo.sapiens,IGHV3-23*01,13,40,52,-,10,67,76,-,1.8
5I1A,B,H,Homo.sapiens,IGHV3-23*01,13,23,35,-,10,50,59,-,2
5I1A,H,H,Homo.sapiens,IGHV3-23*01,13,23,35,-,10,50,59,-,2
5IG7,A,H,Homo.sapiens,IGHV3-23*01,13,23,35,-,10,50,59,-,1.97
5IG7,D,H,Homo.sapiens,IGHV3-23*01,13,23,35,-,10,50,59,-,1.97
5IG7,G,H,Homo.sapiens,IGHV3-23*01,13,23,35,-,10,50,59,-,1.97
5IG7,J,H,Homo.sapiens,IGHV3-23*01,13,23,35,-,10,50,59,-,1.97
5IHZ,A,H,Homo.sapiens,IGHV3-23*01,13,23,35,AASGFTFSTYAMS,10,50,59,-,1.64
5IHZ,C,H,Homo.sapiens,IGHV3-23*01,13,23,35,-,10,50,59,-,1.64
5IHZ,E,H,Homo.sapiens,IGHV3-23*01,13,23,35,-,10,50,59,-,1.64
5IHZ,H,H,Homo.sapiens,IGHV3-23*01,13,23,35,-,10,50,59,GISGSGGSTY,1.64
5N88,A,H,Homo.sapiens,IGHV3-23*01,13,23,35,AASGFTFSTFSMN,10,50,59,YISRTSKTIY,1.7
5N88,H,H,Homo.sapiens,IGHV3-23*01,13,23,35,-,10,50,59,-,1.7
5OCC,H,H,Homo.sapiens,IGHV3-23*01,13,23,35,AASGFTLSSYGIS,10,50,59,GISGSGGNTY,2.5
5WHJ,H,H,Homo.sapiens,IGHV3-23*01,13,23,35,AASGFTFSEYAMG,10,50,59,SIGSSGGQTK,2.15
6AZM,B,H,Homo.sapiens,IGHV3-23*01,13,23,35,-,10,50,59,-,1.6
6AZM,D,H,Homo.sapiens,IGHV3-23*01,13,23,35,-,10,50,59,-,1.6
6B0A,H,H,Homo.sapiens,IGHV3-23*01,13,23,35,AASGFTFSRNAMN,10,50,59,TISGSGDSTY,2.5
6DSI,A,H,Homo.sapiens,IGHV3-23*01,13,23,35,AASGFRFYAEDMG,10,50,59,-,2.49
6DZN,H,H,Homo.sapiens,IGHV3-23*01,13,23,35,-,10,50,59,AISGLGGSTY,2.1
6E+056,G,H,Homo.sapiens,IGHV3-23*01,13,23,35,AASGFTFNHYAMT,10,50,59,-,2
6E+056,H,H,Homo.sapiens,IGHV3-23*01,13,23,35,-,10,50,59,SSSGSGRSTY,2
6E+065,H,H,Homo.sapiens,IGHV3-23*01,13,23,35,AASGFTFNNYWMS,10,50,59,SISNIGGTIY,1.5
6GHG,A,H,Homo.sapiens,IGHV3-23*01,13,23,35,-,10,50,59,-,1.88
6GHG,H,H,Homo.sapiens,IGHV3-23*01,13,23,35,-,10,50,59,-,1.88
6HKG,A,H,Homo.sapiens,IGHV3-23*01,13,23,35,AASGFTFSSYGMA,10,50,59,-,1.87
6HKG,C,H,Homo.sapiens,IGHV3-23*01,13,23,35,-,10,50,59,FISATGLSTY,1.87
6N35,H,H,Homo.sapiens,IGHV3-23*01,13,23,35,-,10,50,59,SISTSSTYRD,1.747
6N35,M,H,Homo.sapiens,IGHV3-23*01,13,23,35,GVSNFRISAHTMN,10,50,59,-,1.747
6NMS,B,H,Homo.sapiens,IGHV3-23*01,13,23,35,AASGFTFSSYDMN,10,50,59,LISGSGEIIY,2.11
6NMS,H,H,Homo.sapiens,IGHV3-23*01,13,23,35,-,10,50,59,-,2.11
6QCU,H,H,Homo.sapiens,IGHV3-23*01,13,23,35,EASGFPLRDYAMS,10,50,59,TIGGNDNAAN,1.56
3GRW,H,H,Homo.sapiens,IGHV3-23*03,13,23,35,AASGFTFTSTGIS,10,50,59,RIYPTNGSTN,2.1
3KR3,H,H,Homo.sapiens,IGHV3-23*03,13,23,35,AASGFTFSNYIMW,10,50,59,VISSSGGMTR,2.2
4WV1,B,H,Homo.sapiens,IGHV3-23*03,13,23,35,-,10,50,59,-,2.362
4WV1,E,H,Homo.sapiens,IGHV3-23*03,13,23,35,-,10,50,59,RTHLGDGSTN,2.362
4XXD,B,H,Homo.sapiens,IGHV3-23*03,13,23,35,-,10,50,59,QINSVGSSTY,2.41
4XXD,E,H,Homo.sapiens,IGHV3-23*03,13,23,35,AASGFTFSRYSMS,10,50,59,-,2.41
6AZX,A,H,Homo.sapiens,IGHV3-23*03,13,23,35,-,10,50,59,-,2.1
6AZX,C,H,Homo.sapiens,IGHV3-23*03,13,23,35,VVSGFTFSNYAFN,10,50,59,IIYRSGSRMY,2.1
1AQK,H,H,Homo.sapiens,IGHV3-30*01,13,23,35,AASGFTFNNYAIH,10,50,59,FISYDGSKNY,1.84
1NL0,H,H,Homo.sapiens,IGHV3-30*01,13,23,35,AASGFTFSTYAMH,10,50,59,IISYDGSKKY,2.2
2GHW,B,H,Homo.sapiens,IGHV3-30*01,13,25,37,-,10,52,61,-,2.3
2GHW,D,H,Homo.sapiens,IGHV3-30*01,13,25,37,AASGFAFSSYAMH,10,52,61,-,2.3
3EYF,B,H,Homo.sapiens,IGHV3-30*01,13,23,35,EGSGFKFGDHGIH,10,50,59,VISSDGTDER,2.3
3EYF,D,H,Homo.sapiens,IGHV3-30*01,13,23,35,-,10,50,59,-,2.3
3EYQ,D,H,Homo.sapiens,IGHV3-30*01,13,23,35,-,10,50,59,-,2.4
3IDX,H,H,Homo.sapiens,IGHV3-30*01,13,23,35,-,10,50,59,LIKYDGRNKY,2.5
4GXV,H,H,Homo.sapiens,IGHV3-30*01,13,23,35,-,10,50,59,VISYDGRNKY,1.449
4GXV,I,H,Homo.sapiens,IGHV3-30*01,13,23,35,AASGFTFSSYAMH,10,50,59,-,1.449
4HHA,B,H,Homo.sapiens,IGHV3-30*01,13,23,35,AASGFTFSNHGMH,10,50,59,VISYDGRHEH,1.6
4HIE,B,H,Homo.sapiens,IGHV3-30*01,13,23,35,AASGFTFSRYGMH,10,50,59,VVSSDGRTTY,1.9
4NUG,H,H,Homo.sapiens,IGHV3-30*01,13,23,35,-,10,50,59,AISGDAWHVV,1.862
4NUJ,B,H,Homo.sapiens,IGHV3-30*01,13,23,35,VVSDFPFSKYPMY,10,50,59,AISADAWHVV,1.827
4NZU,H,H,Homo.sapiens,IGHV3-30*01,13,23,35,AASGFTFGSYAFH,10,50,59,FISYNGSSKY,1.2
4OCR,H,H,Homo.sapiens,IGHV3-30*01,13,23,35,TASGFTFSNFAMG,10,50,59,FISSDGSNKN,1.895
4OCS,H,H,Homo.sapiens,IGHV3-30*01,13,23,35,AASQFTFSGHGLH,10,50,59,SISFAGTKMD,1.901
4RAV,A,H,Homo.sapiens,IGHV3-30*01,13,23,35,AASGFTFSSYSMS,10,50,59,-,2.5
4RAV,C,H,Homo.sapiens,IGHV3-30*01,13,23,35,-,10,50,59,-,2.5
4ZYK,A,H,Homo.sapiens,IGHV3-30*01,13,23,35,AASGFSFSHYAMH,10,50,59,-,2
4ZYK,H,H,Homo.sapiens,IGHV3-30*01,13,23,35,-,10,50,59,VISYDGENTY,2
5EA0,H,H,Homo.sapiens,IGHV3-30*01,13,23,35,-,10,50,59,VMSYDGSTKY,2
5ODB,A,H,Homo.sapiens,IGHV3-30*01,13,23,35,AASGFTFSSYDMH,10,50,59,VISYDGSNKY,1.53
5W1G,H,H,Homo.sapiens,IGHV3-30*01,13,22,34,AASGFTFGTSIMH,10,49,58,QISHDESRKF,2
5Y2K,A,H,Homo.sapiens,IGHV3-30*01,13,23,35,-,10,50,59,-,2.1
5Y2K,C,H,Homo.sapiens,IGHV3-30*01,13,23,35,-,10,50,59,-,2.1
5Y2K,E,H,Homo.sapiens,IGHV3-30*01,13,23,35,EASGFTSSAYAMH,10,50,59,VITFDGGYQY,2.1
5Y2K,G,H,Homo.sapiens,IGHV3-30*01,13,23,35,-,10,50,59,-,2.1
6AO0,H,H,Homo.sapiens,IGHV3-30*01,13,23,35,-,10,50,59,VISYDGSIKY,2.35
6AXL,A,H,Homo.sapiens,IGHV3-30*01,13,23,35,TASGFTFSTYAMH,10,50,59,-,2.4
6AXL,D,H,Homo.sapiens,IGHV3-30*01,13,23,35,-,10,50,59,VISYHSTNKY,2.4
6NB8,H,H,Homo.sapiens,IGHV3-30*01,13,23,35,AASGFTFRNYAMH,10,50,59,VITSDGRNKF,1.5
3G6A,B,H,Homo.sapiens,IGHV3-30*02,13,23,35,AASGFTFNSYWIN,10,50,59,-,2.1
3G6A,H,H,Homo.sapiens,IGHV3-30*02,13,23,35,-,10,50,59,GIAYDSSNTL,2.1
3LRS,A,H,Homo.sapiens,IGHV3-30*02,13,23,35,-,10,50,59,LISDDGMRKY,2.37
3LRS,C,H,Homo.sapiens,IGHV3-30*02,13,23,35,-,10,50,59,-,2.37
3LRS,E,H,Homo.sapiens,IGHV3-30*02,13,23,35,LASGFTFHKYGMH,10,50,59,-,2.37
3LRS,H,H,Homo.sapiens,IGHV3-30*02,13,23,35,-,10,50,59,-,2.37
3U2S,A,H,Homo.sapiens,IGHV3-30*02,13,22,34,AASGFDFSRQGMH,10,49,58,FIKYDGSEKY,1.797
3U2S,H,H,Homo.sapiens,IGHV3-30*02,13,22,34,-,10,49,58,-,1.797
4DQO,H,H,Homo.sapiens,IGHV3-30*02,13,23,35,-,10,50,59,-,2.438
4F57,H,H,Homo.sapiens,IGHV3-30*02,13,23,35,VASGFSFSDFGMN,10,50,59,FVPFDRRINY,1.7
4F58,H,H,Homo.sapiens,IGHV3-30*02,13,23,35,-,10,50,59,-,2.488
4F58,I,H,Homo.sapiens,IGHV3-30*02,13,23,35,-,10,50,59,-,2.488
4F58,J,H,Homo.sapiens,IGHV3-30*02,13,23,35,-,10,50,59,-,2.488
4F58,K,H,Homo.sapiens,IGHV3-30*02,13,23,35,-,10,50,59,-,2.488
4QCI,B,H,Homo.sapiens,IGHV3-30*02,13,23,35,-,10,50,59,-,2.3
4QCI,H,H,Homo.sapiens,IGHV3-30*02,13,23,35,-,10,50,59,YISDDGSLKY,2.3
4YAQ,A,H,Homo.sapiens,IGHV3-30*02,13,22,34,-,10,49,58,-,2.3
4YAQ,H,H,Homo.sapiens,IGHV3-30*02,13,22,34,-,10,49,58,-,2.3
5DT1,H,H,Homo.sapiens,IGHV3-30*02,13,23,35,AASQFRFDGYGMH,10,50,59,SISHDGIKKY,1.954
5N2K,B,H,Homo.sapiens,IGHV3-30*02,13,51,63,-,10,78,87,-,2.219
5N2K,D,H,Homo.sapiens,IGHV3-30*02,13,51,63,-,10,78,87,-,2.219
5N2K,F,H,Homo.sapiens,IGHV3-30*02,13,51,63,-,10,78,87,-,2.219
5N2K,H,H,Homo.sapiens,IGHV3-30*02,13,51,63,-,10,78,87,-,2.219
5N2K,J,H,Homo.sapiens,IGHV3-30*02,13,51,63,-,10,78,87,FIRYDGSNKY,2.219
5N2K,L,H,Homo.sapiens,IGHV3-30*02,13,51,63,-,10,78,87,-,2.219
5N2K,N,H,Homo.sapiens,IGHV3-30*02,13,51,63,-,10,78,87,-,2.219
5N2K,P,H,Homo.sapiens,IGHV3-30*02,13,51,63,-,10,78,87,-,2.219
2FB4,H,H,Homo.sapiens,IGHV3-33*01,13,23,35,SSSGFIFSSYAMY,10,50,59,IIWDDGSDQH,1.9
4DGY,H,H,Homo.sapiens,IGHV3-33*01,13,23,35,TASGFTFNNYGMH,10,50,59,VIWFDENNKY,1.798
4G5Z,H,H,Homo.sapiens,IGHV3-33*01,13,23,35,AASGFTFSVYGMN,10,50,59,IIWYDGDNQY,1.83
4PTU,B,H,Homo.sapiens,IGHV3-33*01,13,23,35,AASGFTFSSHGMH,10,50,59,VIASHGNVNY,1.511
5BV7,C,H,Homo.sapiens,IGHV3-33*01,13,23,35,-,10,50,59,VIWYDGSNKF,2.45
5GGQ,H,H,Homo.sapiens,IGHV3-33*01,13,23,35,KASGITFSNSGMH,10,50,59,VIWYDGSKRY,1.9
5GGV,H,H,Homo.sapiens,IGHV3-33*01,13,23,35,-,10,50,59,VIWYDGSNKY,1.998
5GRY,A,H,Homo.sapiens,IGHV3-33*01,13,23,35,-,10,50,59,SIWYSGSNTY,1.639
5GRY,G,H,Homo.sapiens,IGHV3-33*01,13,23,35,AASGFTFRNSAMH,10,50,59,-,1.639
5GS3,A,H,Homo.sapiens,IGHV3-33*01,13,23,35,-,10,50,59,-,1.698
5GS3,H,H,Homo.sapiens,IGHV3-33*01,13,23,35,-,10,50,59,-,1.698
5J13,C,H,Homo.sapiens,IGHV3-33*01,13,54,66,AASGFTFRTYGMH,10,81,90,VIWYDGSNKH,2.298
5XAJ,A,H,Homo.sapiens,IGHV3-33*01,13,23,35,-,10,50,59,VIWYDGSKTY,2.5
5XAJ,H,H,Homo.sapiens,IGHV3-33*01,13,23,35,AASGFSFSSYGMH,10,50,59,-,2.5
6AXK,A,H,Homo.sapiens,IGHV3-33*01,13,23,35,ATSGFTFSNYGMH,10,50,59,IIWYDGSRNF,2.103
6BLH,H,H,Homo.sapiens,IGHV3-33*01,13,23,35,SASGFTFSVYAMH,10,50,59,IIWYDGSNKY,2
6BQB,H,H,Homo.sapiens,IGHV3-33*01,13,23,35,AASGFRFSDYGMH,10,50,59,LIWYDGSNES,1.769
6CNR,H,H,Homo.sapiens,IGHV3-33*01,13,23,35,AASGFAFSSYGMH,10,50,59,VIWFDGTKKY,2.09
6D0X,A,H,Homo.sapiens,IGHV3-33*01,13,23,35,AASGFTFSSYGMH,10,50,59,IIWYDGSKKY,1.849
6DKJ,A,H,Homo.sapiens,IGHV3-33*01,13,23,35,AASGFTFSNYGMH,10,50,59,AIWFDASDKY,1.95
6DKJ,H,H,Homo.sapiens,IGHV3-33*01,13,23,35,-,10,50,59,-,1.95
8FAB,B,H,Homo.sapiens,IGHV3-33*01,13,23,35,IASGFTFSNYGMH,10,50,59,VIWYNGSRTY,1.8
8FAB,D,H,Homo.sapiens,IGHV3-33*01,13,23,35,-,10,50,59,-,1.8
6PHG,A,H,Homo.sapiens,IGHV3-48*01,13,23,35,-,10,50,59,YISSSSSTIY,2
6PHH,A,H,Homo.sapiens,IGHV3-48*01,13,23,35,-,10,50,59,-,2.4
6PHH,C,H,Homo.sapiens,IGHV3-48*01,13,23,35,VASGFTFSNYNMN,10,50,59,YISSSSGTIY,2.4
5VVF,H,H,Homo.sapiens,IGHV3-49*01,13,23,35,SASGFYFPDYAMA,12,50,61,FMRGWAYGGSAQ,2
6C9U,H,H,Homo.sapiens,IGHV3-49*01,13,25,37,TASGFTFGDYAMS,12,52,63,FIRSKAYGGTTE,2.09
5ITB,H,H,Homo.sapiens,IGHV3-53*01,13,19,31,AVSGFTVSSKYMT,9,46,54,VIYGGGSTY,2
5WCC,A,H,Homo.sapiens,IGHV3-53*01,13,23,35,SASEFTVSGNYMT,9,50,58,-,2.461
5WCC,H,H,Homo.sapiens,IGHV3-53*01,13,23,35,-,9,50,58,IIYTGGSTY,2.461
5WCD,H,H,Homo.sapiens,IGHV3-53*01,13,23,35,AASEFTVGSNFMH,9,50,58,VIFKGGTAY,1.814
3SOB,H,H,Homo.sapiens,IGHV3-64*04,13,46,58,AASGFTFTNSYIH,10,73,82,WITPYGGYTN,1.9
4G7V,H,H,Homo.sapiens,IGHV3-64*04,13,23,35,AASGFNVSSSSIH,10,50,59,SISSYYGYTS,2.5
4K94,H,H,Homo.sapiens,IGHV3-64*04,13,23,35,AASGFNISSYSMH,10,50,59,SIYPYSGYTY,2.4
4XGZ,A,H,Homo.sapiens,IGHV3-64*04,13,26,38,-,10,53,62,SIYSYYGYTY,2.5
4XGZ,C,H,Homo.sapiens,IGHV3-64*04,13,26,38,-,10,53,62,-,2.5
4XGZ,E,H,Homo.sapiens,IGHV3-64*04,13,26,38,-,10,53,62,-,2.5
4XGZ,G,H,Homo.sapiens,IGHV3-64*04,13,26,38,-,10,53,62,-,2.5
4XGZ,H,H,Homo.sapiens,IGHV3-64*04,13,26,38,-,10,53,62,-,2.5
4XGZ,J,H,Homo.sapiens,IGHV3-64*04,13,26,38,-,10,53,62,-,2.5
4XGZ,M,H,Homo.sapiens,IGHV3-64*04,13,26,38,-,10,53,62,-,2.5
4XGZ,O,H,Homo.sapiens,IGHV3-64*04,13,26,38,-,10,53,62,-,2.5
4XGZ,Q,H,Homo.sapiens,IGHV3-64*04,13,26,38,-,10,53,62,-,2.5
4XGZ,S,H,Homo.sapiens,IGHV3-64*04,13,26,38,-,10,53,62,-,2.5
4XGZ,U,H,Homo.sapiens,IGHV3-64*04,13,26,38,-,10,53,62,-,2.5
4XGZ,W,H,Homo.sapiens,IGHV3-64*04,13,26,38,-,10,53,62,-,2.5
4XH2,A,H,Homo.sapiens,IGHV3-64*04,13,26,38,-,10,53,62,-,2
4XH2,C,H,Homo.sapiens,IGHV3-64*04,13,26,38,-,10,53,62,-,2
4XH2,E,H,Homo.sapiens,IGHV3-64*04,13,26,38,-,10,53,62,-,2
4XH2,G,H,Homo.sapiens,IGHV3-64*04,13,26,38,-,10,53,62,-,2
4XH2,H,H,Homo.sapiens,IGHV3-64*04,13,26,38,-,10,53,62,-,2
4XH2,J,H,Homo.sapiens,IGHV3-64*04,13,26,38,AASGFNVSSYSIH,10,53,62,YISSSSGYTY,2
4ZFG,H,H,Homo.sapiens,IGHV3-64*04,13,23,35,AASGFTISDYWIH,10,50,59,GITPAGGYTY,2.27
5BJZ,C,H,Homo.sapiens,IGHV3-64*04,13,26,38,AASGFNLSSSSIH,10,53,62,-,1.95
5BJZ,D,H,Homo.sapiens,IGHV3-64*04,13,26,38,-,10,53,62,SIYSYYGSTS,1.95
5BK1,C,H,Homo.sapiens,IGHV3-64*04,13,26,38,AASGFNVYYSSIH,10,53,62,-,2.15
5BK1,H,H,Homo.sapiens,IGHV3-64*04,13,26,38,-,10,53,62,-,2.15
5EII,A,H,Homo.sapiens,IGHV3-64*04,13,26,38,-,10,53,62,SISSYYGSTY,2.44
5EII,H,H,Homo.sapiens,IGHV3-64*04,13,26,38,-,10,53,62,-,2.44
5GRU,H,H,Homo.sapiens,IGHV3-64*04,13,23,35,AASGFNFSSSSIH,10,50,59,SISSSSGSTS,1.955
5LBS,H,H,Homo.sapiens,IGHV3-64*04,13,23,35,SASGFTFSTYSMH,10,50,59,AITGEGDSAF,2.41
5LBS,I,H,Homo.sapiens,IGHV3-64*04,13,23,35,-,10,50,59,-,2.41
5UCB,H,H,Homo.sapiens,IGHV3-64*04,13,23,35,AASGFNVSYYSIH,10,50,59,SIYPYYGSTS,1.521
5UEK,H,H,Homo.sapiens,IGHV3-64*04,13,26,38,-,10,53,62,SIYPYSGSTS,1.7
5VKD,H,H,Homo.sapiens,IGHV3-64*04,13,26,38,AASGFNISYSSIH,10,53,62,SIYSYSGYTS,1.749
6CW3,A,H,Homo.sapiens,IGHV3-64*04,13,26,38,-,10,53,62,SIYSYYGSTY,1.98
6CW3,C,H,Homo.sapiens,IGHV3-64*04,13,26,38,AASGFNFSSSYIH,10,53,62,-,1.98
6EHW,B,H,Homo.sapiens,IGHV3-64*04,13,23,35,KASGYTFTSYGMH,10,50,59,-,2.19
6O39,B,H,Homo.sapiens,IGHV3-64*04,13,23,35,AASGFNIHSSSIH,10,50,59,ATYSSFGSIT,1.8
4TSA,H,H,Homo.sapiens,IGHV3-66*01,13,23,35,-,9,50,58,-,2.27
4TSB,H,H,Homo.sapiens,IGHV3-66*01,13,23,35,-,9,50,58,-,1.95
4TSC,H,H,Homo.sapiens,IGHV3-66*01,13,23,35,AASGFTVSSNYMS,9,50,58,VIYSGGSTY,1.92
4TTD,C,H,Homo.sapiens,IGHV3-66*01,13,23,35,AASGFTISSNYMS,9,50,58,-,2.15
4TTD,H,H,Homo.sapiens,IGHV3-66*01,13,23,35,-,9,50,58,AIYSGGSTY,2.15
3GHE,H,H,Homo.sapiens,IGHV3-7*01,13,23,35,-,10,50,59,NIKQDGNDKY,2.4
4LRI,C,H,Homo.sapiens,IGHV3-7*01,13,23,35,AASGFTFSPYSVF,10,50,59,SINSDSTYKY,1.65
4LRI,P,H,Homo.sapiens,IGHV3-7*01,13,23,35,-,10,50,59,-,1.65
4YHZ,H,H,Homo.sapiens,IGHV3-7*01,13,23,35,-,10,50,59,DIHQDGQVRY,2.304
5D70,H,H,Homo.sapiens,IGHV3-7*01,13,23,35,-,10,50,59,GISYSGSETY,2.06
5XJ4,H,H,Homo.sapiens,IGHV3-7*01,13,23,35,AASGFTFSRYWMS,10,50,59,NIKQDGSEKY,2.3
6BF4,B,H,Homo.sapiens,IGHV3-7*01,13,23,35,-,10,50,59,-,2.382
6BF4,H,H,Homo.sapiens,IGHV3-7*01,13,23,35,AASGFPFNRDWMT,10,50,59,NINMDGDKKD,2.382
3M8O,H,H,Homo.sapiens,IGHV3-73*01,13,23,35,AASGFTLSGSNVH,12,50,61,RIKRNAESDATA,1.55
3L95,B,H,Homo.sapiens,IGHV3-74*01,13,23,35,AASGFTFSSYWIH,10,50,59,RINPPNRSNQ,2.19
3L95,H,H,Homo.sapiens,IGHV3-74*01,13,23,35,-,10,50,59,-,2.19
3P0Y,H,H,Homo.sapiens,IGHV3-74*01,13,23,35,AASGFTLSGDWIH,10,50,59,EISAAGGYTD,1.8
3PGF,H,H,Homo.sapiens,IGHV3-74*01,13,26,38,-,10,53,62,YISSYSGYTS,2.1
4UT7,H,H,Homo.sapiens,IGHV3-74*01,13,23,35,AASGFSYSNHWMH,10,50,59,RINSDGSTRN,1.7
5D6C,B,H,Homo.sapiens,IGHV3-74*01,13,23,35,-,10,50,59,FTNNEGTTTA,1.72
5D6C,H,H,Homo.sapiens,IGHV3-74*01,13,23,35,SASGFSFNSFWMH,10,50,59,-,1.72
5M2J,D,H,Homo.sapiens,IGHV3-74*01,13,23,35,AASGFTFSNYWMY,10,50,59,EINTNGLITK,1.9
5V7R,H,H,Homo.sapiens,IGHV3-74*01,13,23,35,AASGFTFSSYWMH,10,50,59,RINSDGSDTN,2.3
1W72,H,H,Homo.sapiens,IGHV3-9*01,13,23,35,-,10,50,59,-,2.15
1W72,I,H,Homo.sapiens,IGHV3-9*01,13,23,35,-,10,50,59,GISWNSGSIG,2.15
2YC1,A,H,Homo.sapiens,IGHV3-9*01,13,23,35,TGSGFTFDNYAMH,10,50,59,GISRSSGDID,1.9
2YC1,D,H,Homo.sapiens,IGHV3-9*01,13,23,35,-,10,50,59,-,1.9
3GIZ,H,H,Homo.sapiens,IGHV3-9*01,13,23,35,AASGFTFNDYAMH,10,50,59,TISWNSGSIG,2.2
4FQL,H,H,Homo.sapiens,IGHV3-9*01,13,23,35,AASGFSFDEYTMH,10,50,59,GINWKGNFMG,1.898
4HPY,H,H,Homo.sapiens,IGHV3-9*01,13,23,35,AASGFTFDDGAMH,10,50,59,GISWNSNIIA,1.5
4QF1,A,H,Homo.sapiens,IGHV3-9*01,13,23,35,-,10,50,59,-,2.4
4QF1,H,H,Homo.sapiens,IGHV3-9*01,13,23,35,-,10,50,59,-,2.4
5WNA,C,H,Homo.sapiens,IGHV3-9*01,13,23,35,VGSGLRFEEHAMH,10,50,59,GISWNSGSVG,2.4
5WNA,H,H,Homo.sapiens,IGHV3-9*01,13,23,35,-,10,50,59,-,2.4
6CR1,H,H,Homo.sapiens,IGHV3-9*01,13,23,35,AASGFTFDDYAMH,10,50,59,AITWNSGHID,1.521
5DR5,H,H,Homo.sapiens,IGHV3-NL1*01,13,23,35,AASGFTFTNYYMH,10,50,59,TIAYDGSSTY,1.85
5UEA,A,H,Homo.sapiens,IGHV3-NL1*01,13,26,38,-,10,53,62,-,1.701
5UEA,H,H,Homo.sapiens,IGHV3-NL1*01,13,26,38,AASGFNVSYSSIH,10,53,62,YIYPSSGYTS,1.701
5VEB,A,H,Homo.sapiens,IGHV3-NL1*01,13,23,35,-,10,50,59,-,2.34
5VEB,H,H,Homo.sapiens,IGHV3-NL1*01,13,23,35,-,10,50,59,VISGSGSNTG,2.34
6DWI,B,H,Homo.sapiens,IGHV3-NL1*01,13,42,54,AASGFTFNTNDMS,10,69,78,-,2.39
6DWI,D,H,Homo.sapiens,IGHV3-NL1*01,13,42,54,-,10,69,78,-,2.39
6DWI,F,H,Homo.sapiens,IGHV3-NL1*01,13,42,54,-,10,69,78,-,2.39
6DWI,H,H,Homo.sapiens,IGHV3-NL1*01,13,42,54,-,10,69,78,-,2.39
6DWI,J,H,Homo.sapiens,IGHV3-NL1*01,13,42,54,-,10,69,78,-,2.39
6DWI,L,H,Homo.sapiens,IGHV3-NL1*01,13,42,54,-,10,69,78,-,2.39
6DWI,N,H,Homo.sapiens,IGHV3-NL1*01,13,42,54,-,10,69,78,TIIGIDDTTH,2.39
6DWI,P,H,Homo.sapiens,IGHV3-NL1*01,13,42,54,-,10,69,78,-,2.39
6O3A,B,H,Homo.sapiens,IGHV3-NL1*01,13,23,35,-,10,50,59,YIYPSYDYTY,2.1
6O3B,B,H,Homo.sapiens,IGHV3-NL1*01,13,23,35,AASGFNIYYYSMH,10,50,59,-,2.5
6O3B,G,H,Homo.sapiens,IGHV3-NL1*01,13,23,35,-,10,50,59,SIYSSYSYTS,2.5
2VXQ,H,H,Homo.sapiens,IGHV4-30-4*01,15,22,36,AVSGGSIRSGGYYWS,9,51,59,YIYHSGNTY,1.9
3TNM,A,H,Homo.sapiens,IGHV4-30-4*01,15,23,37,-,9,52,60,YIHYSGNTY,1.85
3TNM,H,H,Homo.sapiens,IGHV4-30-4*01,15,23,37,TVSGGSSSSGAHYWS,9,52,60,-,1.85
5BV7,H,H,Homo.sapiens,IGHV4-30-4*01,15,23,37,TVSGASISSGGYNWS,9,52,60,YIYYSGSTY,2.45
5JRP,H,H,Homo.sapiens,IGHV4-30-4*01,15,23,37,-,9,52,60,SVYYSGGAS,2
5NYX,H,H,Homo.sapiens,IGHV4-30-4*01,15,23,37,-,9,52,60,-,1.88
5NYX,M,H,Homo.sapiens,IGHV4-30-4*01,15,23,37,-,9,52,60,YTSYSGSTK,1.88
5NYX,O,H,Homo.sapiens,IGHV4-30-4*01,15,23,37,TVSGGSVSSGSSYWT,9,52,60,-,1.88
5SX5,H,H,Homo.sapiens,IGHV4-30-4*01,15,23,37,TVSGGSVSSGDYYWT,9,52,60,HIYYSGNTN,2.5
5SX5,J,H,Homo.sapiens,IGHV4-30-4*01,15,23,37,-,9,52,60,-,2.5
5USH,D,H,Homo.sapiens,IGHV4-30-4*01,15,23,37,TISGDSISSNNYYWG,9,52,60,-,2.3
5USH,H,H,Homo.sapiens,IGHV4-30-4*01,15,23,37,-,9,52,60,-,2.3
5WEQ,B,H,Homo.sapiens,IGHV4-30-4*01,15,23,37,TVSGGSISSSSFYWG,9,52,60,-,2
5XKU,C,H,Homo.sapiens,IGHV4-30-4*01,15,24,38,TVSGGSISSGGYYWS,9,53,61,YIYYSGSTD,1.78
6A67,C,H,Homo.sapiens,IGHV4-30-4*01,15,23,37,-,9,52,60,-,2.33
6A67,H,H,Homo.sapiens,IGHV4-30-4*01,15,23,37,TVSGGSISSGTYYWS,9,52,60,YIYHSGSAY,2.33
6IEA,H,H,Homo.sapiens,IGHV4-30-4*01,15,23,37,-,9,52,60,YIYDSGSTY,2
1DN0,B,H,Homo.sapiens,IGHV4-34*01,13,23,35,-,9,50,58,-,2.28
1DN0,D,H,Homo.sapiens,IGHV4-34*01,13,23,35,AVYGGSFSDYYWS,9,50,58,-,2.28
4R4B,B,H,Homo.sapiens,IGHV4-34*01,13,23,35,-,9,50,58,-,2.199
4R4B,D,H,Homo.sapiens,IGHV4-34*01,13,23,35,-,9,50,58,EIKHNGSPN,2.199
4R4B,F,H,Homo.sapiens,IGHV4-34*01,13,23,35,-,9,50,58,-,2.199
4R4B,H,H,Homo.sapiens,IGHV4-34*01,13,23,35,GVYGESLSGHYWS,9,50,58,-,2.199
5DRW,A,H,Homo.sapiens,IGHV4-34*01,13,23,35,AVYGGSFSGYYWT,9,50,58,EINHSGSTT,2.27
5DRX,A,H,Homo.sapiens,IGHV4-34*01,13,23,35,-,9,50,58,EINHSGSTN,2.104
5DRX,H,H,Homo.sapiens,IGHV4-34*01,13,23,35,AVYGESFSGYYWS,9,50,58,-,2.104
6MLK,H,H,Homo.sapiens,IGHV4-34*01,13,25,37,AVYGGSFSGYYWS,9,52,60,-,2.45
6N7U,A,H,Homo.sapiens,IGHV4-34*01,13,23,35,-,9,50,58,EVNYSGNAN,2.03
2XZC,H,H,Homo.sapiens,IGHV4-38-2*01,14,23,36,AVSGYSISSGYYWG,9,51,59,SIYHSGSTY,1.36
4M5Y,H,H,Homo.sapiens,IGHV4-38-2*01,14,23,36,AVSGYSISSNYYWG,9,51,59,-,1.55
4M5Y,I,H,Homo.sapiens,IGHV4-38-2*01,14,23,36,-,9,51,59,-,1.55
4XNQ,B,H,Homo.sapiens,IGHV4-38-2*01,14,23,36,AVSGGSISSSYWWS,9,51,59,EIYHSGNTN,2.001
4XNQ,H,H,Homo.sapiens,IGHV4-38-2*01,14,23,36,-,9,51,59,-,2.001
5ADO,H,H,Homo.sapiens,IGHV4-38-2*01,14,23,36,-,9,51,59,-,1.55
5OCK,H,H,Homo.sapiens,IGHV4-38-2*01,14,23,36,TVSGFPMSESYFWG,9,51,59,SVIHTGTTY,1.6
5W6C,H,H,Homo.sapiens,IGHV4-39*01,15,23,37,TVSGGSISSSSYYWG,9,52,60,SIYYSGSTY,1.634
6MTR,H,H,Homo.sapiens,IGHV4-4*01,14,23,36,AVSGASISSSNWWN,9,51,59,EIYHSGTVT,1.798
6MTS,H,H,Homo.sapiens,IGHV4-4*01,14,23,36,-,9,51,59,EIYHDGSVS,2.437
6PHB,B,H,Homo.sapiens,IGHV4-4*07,13,23,35,-,9,50,58,RISTSGSTN,2
6PHB,D,H,Homo.sapiens,IGHV4-4*07,13,23,35,TVSGDSMSSYYWS,9,50,58,-,2
2AJ3,B,H,Homo.sapiens,IGHV4-59*01,13,22,34,TVSGASVNNYYWT,9,49,57,NVYDSGDTN,2.03
2AJ3,D,H,Homo.sapiens,IGHV4-59*01,13,22,34,-,9,49,57,-,2.03
2AJ3,F,H,Homo.sapiens,IGHV4-59*01,13,22,34,-,9,49,57,-,2.03
3FN0,H,H,Homo.sapiens,IGHV4-59*01,13,24,36,TVSGGSMINYYWS,9,51,59,HIIYGGTTK,1.8
3GO1,H,H,Homo.sapiens,IGHV4-59*01,13,23,35,TVSGGPINNAYWT,9,50,58,YVYHTGVTN,1.89
3MLY,H,H,Homo.sapiens,IGHV4-59*01,13,23,35,-,9,50,58,YIYYSGSTS,1.7
3MLY,I,H,Homo.sapiens,IGHV4-59*01,13,23,35,TVSGGSISGFHWS,9,50,58,-,1.7
4FQC,H,H,Homo.sapiens,IGHV4-59*01,13,23,35,SVSGASISDSYWS,9,50,58,YVHKSGDTN,2.4
4FQQ,B,H,Homo.sapiens,IGHV4-59*01,13,23,35,-,9,50,58,-,2.42
4FQQ,D,H,Homo.sapiens,IGHV4-59*01,13,23,35,-,9,50,58,-,2.42
4FQQ,F,H,Homo.sapiens,IGHV4-59*01,13,23,35,-,9,50,58,-,2.42
4FQQ,H,H,Homo.sapiens,IGHV4-59*01,13,23,35,-,9,50,58,-,2.42
4JAM,A,H,Homo.sapiens,IGHV4-59*01,13,23,35,-,9,50,58,-,1.65
4JAM,H,H,Homo.sapiens,IGHV4-59*01,13,23,35,TVSGGSMGGTYWS,9,50,58,YIFHTGETN,1.65
4JY5,H,H,Homo.sapiens,IGHV4-59*01,13,23,35,NVSGTLVRDNYWS,9,50,58,YVHDSGDTN,1.75
4JY6,B,H,Homo.sapiens,IGHV4-59*01,13,23,35,SVSGASINDAYWS,9,50,58,-,2.5
4JY6,D,H,Homo.sapiens,IGHV4-59*01,13,23,35,-,9,50,58,YVHHSGDTN,2.5
4NPY,B,H,Homo.sapiens,IGHV4-59*01,13,23,35,TVSGGSISSYYWS,9,50,58,-,1.796
4NPY,H,H,Homo.sapiens,IGHV4-59*01,13,23,35,-,9,50,58,YIYYSGSTN,1.796
5CEX,B,H,Homo.sapiens,IGHV4-59*01,13,23,35,SVSGASISDHYWS,9,50,58,-,2.105
5CEX,D,H,Homo.sapiens,IGHV4-59*01,13,23,35,-,9,50,58,YVYDSGDTN,2.105
5CEY,B,H,Homo.sapiens,IGHV4-59*01,13,23,35,-,9,50,58,YISDRETTT,2.387
5CEY,D,H,Homo.sapiens,IGHV4-59*01,13,23,35,IVSGGSISNYYWT,9,50,58,-,2.387
5FHB,H,H,Homo.sapiens,IGHV4-59*01,13,23,35,TVSGGSLSSFYWS,9,50,58,YIYYSGSPN,1.973
5GKS,A,H,Homo.sapiens,IGHV4-59*01,13,23,35,TVSGGSISSYFWS,9,50,58,-,2.05
5GKS,C,H,Homo.sapiens,IGHV4-59*01,13,23,35,-,9,50,58,-,2.05
6BE3,H,H,Homo.sapiens,IGHV4-59*01,13,23,35,TVSGGSISGYYWS,9,50,58,YIHYSRSTN,1.6
6BLI,A,H,Homo.sapiens,IGHV4-59*01,13,23,35,-,9,50,58,-,2.12
6BLI,D,H,Homo.sapiens,IGHV4-59*01,13,23,35,-,9,50,58,-,2.12
6BLI,G,H,Homo.sapiens,IGHV4-59*01,13,23,35,TVSGGSTSSYFWN,9,50,58,-,2.12
6BLI,J,H,Homo.sapiens,IGHV4-59*01,13,23,35,-,9,50,58,YIYGSGSAD,2.12
6DFJ,H,H,Homo.sapiens,IGHV4-59*01,13,23,35,TVSGGSIDTYYWS,9,50,58,CFYYSVDNH,2.07
6IEB,E,H,Homo.sapiens,IGHV4-59*01,13,23,35,TVSGGSISTYYWS,9,50,58,-,2.409
6IEB,H,H,Homo.sapiens,IGHV4-59*01,13,23,35,-,9,50,58,-,2.409
6IUT,H,H,Homo.sapiens,IGHV4-59*01,13,22,34,TVSGGSINSYYWS,9,49,57,YLFDSGSTK,2.3
6IVZ,H,H,Homo.sapiens,IGHV4-59*01,13,24,36,TVSGGSTYNHHWS,9,51,59,YISYSGKSN,2.4
6MTJ,H,H,Homo.sapiens,IGHV4-59*01,13,23,35,TVSGGSISNYYWS,9,50,58,YISDSESTN,2.336
6E4X,Z,H,Homo.sapiens,IGHV4-61*01,15,23,37,TVSGGSVSSNIYYWS,9,52,60,YFYHSGSSN,2.25
6OBZ,A,H,Homo.sapiens,IGHV4-61*01,15,23,37,SVSGVSVTSDIYYWT,9,52,60,-,1.73
6OBZ,H,H,Homo.sapiens,IGHV4-61*01,15,23,37,-,9,52,60,YIFYNGDTN,1.73
6PCU,C,H,Homo.sapiens,IGHV4-61*02,15,23,37,-,9,52,60,-,2.4
6PCU,F,H,Homo.sapiens,IGHV4-61*02,15,23,37,-,9,52,60,RIFTSGSTN,2.4
6PCU,I,H,Homo.sapiens,IGHV4-61*02,15,23,37,SVSGVSLSGGSYTWN,9,52,60,-,2.4
3NA9,H,H,Homo.sapiens,IGHV5-10-1*01,13,23,35,KGSGYSFTNYWVG,10,50,59,-,1.7
3NAC,H,H,Homo.sapiens,IGHV5-10-1*01,13,23,35,-,10,50,59,RIDPSDSYTN,1.8
3NCJ,H,H,Homo.sapiens,IGHV5-10-1*01,13,23,35,KGSGYSFTNYWIS,10,50,59,FIDPSDSYTN,1.6
6A3W,A,H,Homo.sapiens,IGHV5-10-1*01,13,23,35,-,10,50,59,-,2
6A3W,D,H,Homo.sapiens,IGHV5-10-1*01,13,23,35,-,10,50,59,KIYPGDSYTN,2
6A3W,G,H,Homo.sapiens,IGHV5-10-1*01,13,23,35,-,10,50,59,-,2
6A3W,J,H,Homo.sapiens,IGHV5-10-1*01,13,23,35,KGSGYSFSTYWIS,10,50,59,-,2
6IUV,C,H,Homo.sapiens,IGHV5-10-1*01,13,23,35,KVSGNNFPSYYIS,10,50,59,-,2.332
6IUV,H,H,Homo.sapiens,IGHV5-10-1*01,13,23,35,-,10,50,59,RIDPSDSDTN,2.332
2B1H,H,H,Homo.sapiens,IGHV5-51*01,13,23,35,QTSGYSFSDYWIG,10,50,59,IFYPGDSDSR,2
2VXV,H,H,Homo.sapiens,IGHV5-51*01,13,23,35,KGSGYTVTSYWIG,10,50,59,FIYPGDSETR,1.49
2XWT,A,H,Homo.sapiens,IGHV5-51*01,13,23,35,KASGYSLTDNWIG,10,50,59,-,1.9
3MLR,H,H,Homo.sapiens,IGHV5-51*01,13,23,35,KSSGYNFLDSWIG,10,50,59,IIYPDDSDAH,1.8
3UJI,H,H,Homo.sapiens,IGHV5-51*01,13,23,35,KGSGYSFSNYWIA,10,50,59,IVYPDDSDSS,1.6
3UJJ,H,H,Homo.sapiens,IGHV5-51*01,13,23,35,KASGYSFSSYWIA,10,50,59,FIYPADSDTR,2
4BUH,A,H,Homo.sapiens,IGHV5-51*01,13,23,35,-,10,50,59,MIYPGDSDTR,1.3
4BUH,B,H,Homo.sapiens,IGHV5-51*01,13,23,35,KGSEYSFPNYWIA,10,50,59,-,1.3
4HPO,H,H,Homo.sapiens,IGHV5-51*01,13,23,35,KGSGYRFTSYWIV,10,50,59,IIYPGDFDTK,1.694
4HWE,H,H,Homo.sapiens,IGHV5-51*01,13,24,36,-,10,51,60,VIYPGDSYTR,2.43
4M6N,H,H,Homo.sapiens,IGHV5-51*01,13,23,35,KGSGYSFSNYWIG,10,50,59,IIDPSNSYTR,2
4NRX,A,H,Homo.sapiens,IGHV5-51*01,13,23,35,-,10,50,59,IIYPGDSDTK,2.21
4NRX,D,H,Homo.sapiens,IGHV5-51*01,13,23,35,KVSGYNFASEWIG,10,50,59,-,2.21
4NRX,H,H,Homo.sapiens,IGHV5-51*01,13,23,35,-,10,50,59,-,2.21
4NRZ,A,H,Homo.sapiens,IGHV5-51*01,13,23,35,-,10,50,59,-,2.42
4NRZ,H,H,Homo.sapiens,IGHV5-51*01,13,23,35,-,10,50,59,-,2.42
4QXG,H,H,Homo.sapiens,IGHV5-51*01,13,23,35,KGSGYIFTNYWIA,10,50,59,IIYPGDSDIR,2.3
4RIS,H,H,Homo.sapiens,IGHV5-51*01,13,23,35,-,10,50,59,-,2.3
4ZD3,H,H,Homo.sapiens,IGHV5-51*01,13,23,35,-,10,50,59,-,2.4
5I1K,H,H,Homo.sapiens,IGHV5-51*01,13,23,35,-,10,50,59,IIYPGDSDTR,1.65
5IBT,H,H,Homo.sapiens,IGHV5-51*01,13,23,35,-,10,50,59,-,2.4
5IBU,G,H,Homo.sapiens,IGHV5-51*01,13,23,35,-,10,50,59,VIHPGDSDST,1.71
5IBU,H,H,Homo.sapiens,IGHV5-51*01,13,23,35,KVSGYNFVKFWIA,10,50,59,-,1.71
5IT2,H,H,Homo.sapiens,IGHV5-51*01,13,23,35,RGSGYSFTSYWIG,10,50,59,IIYPADSDTR,1.7
5MVZ,A,H,Homo.sapiens,IGHV5-51*01,13,42,54,KGSGYTFTSYWIG,10,69,78,-,2.15
5MVZ,H,H,Homo.sapiens,IGHV5-51*01,13,42,54,-,10,69,78,-,2.15
5TZ2,H,H,Homo.sapiens,IGHV5-51*01,13,23,35,KGSGYSFTDYWIG,10,50,59,-,2.302
5UR8,A,H,Homo.sapiens,IGHV5-51*01,13,23,35,KASGYTFTNYWVV,10,50,59,SIHPRDSDAR,1.755
5WK2,H,H,Homo.sapiens,IGHV5-51*01,13,23,35,KGSGYSFTSYWIG,10,50,59,IIDPSDSDTR,1.5
5Y11,A,H,Homo.sapiens,IGHV5-51*01,13,24,36,KGSGYSFTNYWIG,10,51,60,IIFPGDSDTR,2.1
5ZV3,H,H,Homo.sapiens,IGHV5-51*01,13,23,35,EASGYSFTNYWIG,10,50,59,-,2.093
6DCV,B,H,Homo.sapiens,IGHV5-51*01,13,23,35,-,10,50,59,IIYSGDSDTR,1.9
6DCV,H,H,Homo.sapiens,IGHV5-51*01,13,23,35,KTSGYIFSDYWTA,10,50,59,-,1.9
6FY2,H,H,Homo.sapiens,IGHV5-51*01,13,23,35,-,10,50,59,-,2.301
6FY2,X,H,Homo.sapiens,IGHV5-51*01,13,23,35,KGSGYRFPSSWIG,10,50,59,IIYPGDGETR,2.301
3H0T,B,H,Homo.sapiens,IGHV6-1*01,15,23,37,AISGDSVSSNSAAWN,11,52,62,RTYYRSKWFND,1.89
3ULS,B,H,Homo.sapiens,IGHV6-1*01,15,23,37,AISGDSVSSNSAAWG,11,52,62,IIQKRSKWYNN,2.495
3ULS,H,H,Homo.sapiens,IGHV6-1*01,15,23,37,-,11,52,62,-,2.495
5JW5,A,H,Homo.sapiens,IGHV6-1*01,15,23,37,-,11,52,62,RTYYRSGWYND,1.9
5JW5,H,H,Homo.sapiens,IGHV6-1*01,15,23,37,AISGDSVSSYNAVWN,11,52,62,-,1.9
5K9J,H,H,Homo.sapiens,IGHV6-1*01,15,23,37,VISGDTVSSNRAAWN,11,52,62,RTYYRSKWYTD,1.904
5YAX,A,H,Homo.sapiens,IGHV6-1*01,15,24,38,GISGDSVSSKSAAWN,11,53,63,RTYYRSKWHND,2.5
5YAX,B,H,Homo.sapiens,IGHV6-1*01,15,24,38,-,11,53,63,-,2.5
6GFE,H,H,Homo.sapiens,IGHV6-1*01,15,23,37,AISGDSVSSRSASWS,11,52,62,RTYYRSHWYYE,1.8
6GFE,K,H,Homo.sapiens,IGHV6-1*01,15,23,37,-,11,52,62,-,1.8
5CGY,C,H,Homo.sapiens,IGHV7-4-1*01,13,23,35,-,10,50,59,WIDTNTGNPT,2.07
5CGY,H,H,Homo.sapiens,IGHV7-4-1*01,13,23,35,KASGYSFTSYSIN,10,50,59,-,2.07
5ZMJ,H,H,Homo.sapiens,IGHV7-4-1*01,13,42,54,KASGYSFSRYGIK,10,69,78,WINTRSGVPA,1.81
6B5R,H,H,Homo.sapiens,IGHV7-4-1*01,13,23,35,KTSGYTFTTYAMN,10,50,59,WINTNTGNPT,1.775
6RCQ,A,H,Homo.sapiens,IGHV7-4-1*01,13,26,38,KASGYTFTSYAMN,10,53,62,-,2.28
