,CDR1 Start,CDR1 End,CDR1Sequence,CDR2 Start,CDR2 End,CDR2 Sequence
IGHV1-2*02,25,35,GYTFTGYYMH,49,66,WINPNSGGTNYAQKFQG
IGHV1-2*04,25,35,GYTFTGYYMH,0,0,
IGHV1-2*05,25,35,GYTFTGYYMH,49,66,RINPNSGGTNYAQKFQG
IGHV1-2*06,25,35,GYTFTGYYMH,49,66,RINPNSGGTNYAQKFQG
IGHV1-2*02_t174c,25,35,GYTFTGYYMH,49,66,WINPNSGGTNYAQKFQG
IGHV1-3*01,25,35,GYTFTSYAMH,49,66,WINAGNGNTKYSQKFQG
IGHV1-3*02,25,35,GYTFTSYAMH,49,66,WSNAGNGNTKYSQEFQG
IGHV1-3*03,25,35,GYTFTSYAMH,49,66,WINAGNGNTKYSQEFQG
IGHV1-3*04,25,35,GYTFTSYAMH,49,66,WINTGNGNTKYSQKFQG
IGHV1-3*05,25,35,GYTFTSYAMH,49,66,WINAGNGNTKYSQKFQG
IGHV1-46*01,25,35,GYTFTSYYMH,49,66,IINPSGGSTSYAQKFQG
IGHV1-46*02,25,35,GYTFNSYYMH,49,66,IINPSGGSTSYAQKFQG
IGHV1-46*03,25,35,GYTFTSYYMH,49,66,IINPSGGSTSYAQKFQG
IGHV1-46*04,25,35,GYTFTSYYMH,49,66,IINPSGGSTSYAQKLQG
IGHV1-69*01,25,35,GGTFSSYAIS,49,66,GIIPIFGTANYAQKFQG
IGHV1-69*02,25,35,GGTFSSYTIS,49,66,RIIPILGIANYAQKFQG
IGHV1-69*04,25,35,GGTFSSYAIS,49,66,RIIPILGIANYAQKFQG
IGHV1-69*05,25,35,GGTFSSYAIS,49,66,GIIPIFGTANYAQKFQG
IGHV1-69*06,25,35,GGTFSSYAIS,49,66,GIIPIFGTANYAQKFQG
IGHV1-69*08,25,35,GGTFSSYTIS,49,66,RIIPILGTANYAQKFQG
IGHV1-69*09,25,35,GGTFSSYAIS,49,66,RIIPILGIANYAQKFQG
IGHV1-69*10,25,35,GGTFSSYAIS,49,66,GIIPILGIANYAQKFQG
IGHV1-69*11,25,35,GGTFSSYAIS,49,66,RIIPILGTANYAQKFQG
IGHV1-69*12,25,35,GGTFSSYAIS,49,66,GIIPIFGTANYAQKFQG
IGHV1-69*17,25,35,GGTFSSYAIS,49,66,GIIPIFGIANYAQKFQG
IGHV1-69*08_c191t,25,35,GGTFSSYTIS,49,66,RIIPILGIANYAQKFQG
IGHV1-69*04_c184t,25,35,GGTFSSYAIS,49,66,RIIPIFGIANYAQKFQG
IGHV1-69*04_a163g,25,35,GGTFSSYAIS,49,66,GIIPILGIANYAQKFQG
IGHV1-69*01_c26t,25,35,GGTFSSYAIS,49,66,GIIPIFGTANYAQKFQG
IGHV1-69*17_g163a,25,35,GGTFSSYAIS,49,66,RIIPIFGIANYAQKFQG
IGHV2-70*01,25,37,GFSLSTSGMCVS,51,67,LIDWDDDKYYSTSLKT
IGHV2-70*04,25,37,GFSLSTSGMRVS,51,67,RIDWDDDKFYSTSLKT
IGHV2-70*12,25,37,GFSLSTSGMCVS,51,67,LIDWDDDKYYSTSLKT
IGHV2-70*13,25,37,GFSLSTSGMCVS,51,67,LIDWDDDKYYSTSLKT
IGHV2-70*15,25,37,GFSLSTSGMCVS,51,67,RIDWDDDKYYSTSLKT
IGHV2-70*17,25,37,GFSLSTSGMCVS,51,67,RIDWDDDKFYSTSLKT
IGHV2-70*12_g60a,25,37,GFSLSTSGMCVS,51,67,LIDWDDDKYYSTSLKT
IGHV3-11*01,25,35,GFTFSDYYMS,49,66,YISSSGSTIYYADSVKG
IGHV3-11*04,25,35,GFTFSDYYMS,49,66,YISSSGSTIYYADSVKG
IGHV3-11*05,25,35,GFTFSDYYMS,49,66,YISSSSSYTNYADSVKG
IGHV3-11*06,25,35,GFTFSDYYMS,49,66,YISSSSSYTNYADSVKG
IGHV3-11*01_a152g,25,35,GFTFSDYYMS,0,0,
IGHV3-13*01,25,35,GFTFSSYDMH,49,65,AIGTAGDTYYPGSVKG
IGHV3-13*02,25,35,GFTFSNYDMH,49,65,ANGTAGDTYYPGSVKG
IGHV3-13*04,25,35,GFTFSSYDMH,49,65,AIGTAGDTYYPGSVKG
IGHV3-13*05,25,35,GFTFSSYDMH,49,65,AIGTAGDPYYPGSVKG
IGHV3-21*01,25,35,GFTFSSYSMN,49,66,SISSSSSYIYYADSVKG
IGHV3-21*02,25,35,GFTFSSYSMN,49,66,SISSSSSYIYYADSVKG
IGHV3-21*03,25,35,GFTFSSYSMN,49,66,SISSSSSYIYYADSVKG
IGHV3-21*04,25,35,GFTFSSYSMN,49,66,SISSSSSYIYYADSVKG
IGHV3-21*06,25,35,GFTFSSYSMN,49,66,SISSSSSYIYYADSVKG
IGHV3-23*03,25,35,GFTFSSYAMS,49,66,VIYSGGSSTYYADSVKG
IGHV3-23*04,25,35,GFTFSSYAMS,49,66,AISGSGGSTYYADSVKG
IGHV3-23*01_g239t,25,35,GFTFSSYAMS,49,66,AISGSGGSTYYADSVKG
IGHV3-23*01_a152g,25,35,GFTFSSYAMS,0,0,
IGHV3-30-3*01,25,35,GFTFSSYAMH,49,66,VISYDGSNKYYADSVKG
IGHV3-30-3*02,25,35,GFTFSSYAMH,49,66,VISYDGSNKYYADSVKG
IGHV3-30-3*02_g75c,25,35,GFTFSSYAMH,49,66,VISYDGSNKYYADSVKG
IGHV3-30-3*01_t288c,25,35,GFTFSSYAMH,49,66,VISYDGSNKYYADSVKG
IGHV3-30*01,25,35,GFTFSSYAMH,49,66,VISYDGSNKYYADSVKG
IGHV3-30*02,25,35,GFTFSSYGMH,49,66,FIRYDGSNKYYADSVKG
IGHV3-30*03,25,35,GFTFSSYGMH,49,66,VISYDGSNKYYADSVKG
IGHV3-30*04,25,35,GFTFSSYAMH,49,66,VISYDGSNKYYADSVKG
IGHV3-30*07,25,35,GFTFSSYAMH,49,66,VISYDGSNKYYADSVKG
IGHV3-30*18,25,35,GFTFSSYGMH,49,66,VISYDGSNKYYADSVKG
IGHV3-30*02_a275g,25,35,GFTFSSYGMH,49,66,FIRYDGSNKYYADSVKG
IGHV3-30*03_t288c,25,35,GFTFSSYGMH,49,66,VISYDGSNKYYADSVKG
IGHV3-30*18_c170g_a171g_g301a,25,35,GFTFSSYGMH,49,66,VIWYDGSNKYYADSVKG
IGHV3-30*02_t201c,25,35,GFTFSSYGMH,49,66,FIRYDGSNKYYADSVKG
IGHV3-30*04_c203t,25,35,GFTFSSYAMH,49,66,VISYDGSNKYYVDSVKG
IGHV3-30*04_t288c,25,35,GFTFSSYAMH,49,66,VISYDGSNKYYADSVKG
IGHV3-30*18_t158g,25,35,GFTFSSYGMH,49,66,VISYDGSNKYYADSVKG
IGHV3-33*01,25,35,GFTFSSYGMH,49,66,VIWYDGSNKYYADSVKG
IGHV3-33*03,25,35,GFTFSSYGMH,49,66,VIWYDGSNKYYADSVKG
IGHV3-33*05,25,35,GFTFSSYGMH,49,66,VISYDGSNKYYADSVKG
IGHV3-33*06,25,35,GFTFSSYGMH,49,66,VIWYDGSNKYYADSVKG
IGHV3-33*01_g75c,25,35,GFTFSSYGMH,49,66,VIWYDGSNKYYADSVKG
IGHV3-33*01_t158g,25,35,GFTFSSYGMH,49,66,VIWYDGSNKYYADSVKG
IGHV3-48*01,25,35,GFTFSSYSMN,49,66,YISSSSSTIYYADSVKG
IGHV3-48*02,25,35,GFTFSSYSMN,49,66,YISSSSSTIYYADSVKG
IGHV3-48*03,25,35,GFTFSSYEMN,49,66,YISSSGSTIYYADSVKG
IGHV3-48*04,25,35,GFTFSSYSMN,49,66,YISSSSSTIYYADSVKG
IGHV3-48*03_t303g,25,35,GFTFSSYEMN,49,66,YISSSGSTIYYADSVKG
IGHV3-53*01,25,35,GFTVSSNYMS,49,65,VIYSGGSTYYADSVKG
IGHV3-53*02,25,35,GFTVSSNYMS,49,65,VIYSGGSTYYADSVKG
IGHV3-53*04,25,35,GFTVSSNYMS,49,65,VIYSGGSTYYADSVKG
IGHV3-53*05,25,35,GFTVSSNYMS,49,65,VIYSGGSTYYADSVKG
IGHV3-53*05_c300t,25,35,GFTVSSNYMS,49,65,VIYSGGSTYYADSVKG
IGHV3-64*01,25,35,GFTFSSYAMH,49,66,AISSNGGSTYYANSVKG
IGHV3-64*02,25,35,GFTFSSYAMH,49,66,AISSNGGSTYYADSVKG
IGHV3-64*04,25,35,GFTFSSYAMH,49,66,AISSNGGSTYYADSVKG
IGHV3-64*05,25,35,GFTFSSYAMH,49,66,AISSNGGSTYYADSVKG
IGHV3-64*07,25,35,GFTFSSYAMH,49,66,AISSNGGSTYYADSVKG
IGHV3-66*01,25,35,GFTVSSNYMS,49,65,VIYSGGSTYYADSVKG
IGHV3-66*02,25,35,GFTVSSNYMS,49,65,VIYSGGSTYYADSVKG
IGHV3-66*03,25,35,GFTVSSNYMS,49,65,VIYSCGSTYYADSVKG
IGHV3-66*04,25,35,GFTVSSNYMS,49,65,VIYSGGSTYYADSVKG
IGHV3-7*01,25,35,GFTFSSYWMS,49,66,NIKQDGSEKYYVDSVKG
IGHV3-7*02,25,35,GFTFSSYWMS,49,66,NIKQDGSEKYYVDSVKG
IGHV3-7*03,25,35,GFTFSSYWMS,49,66,NIKQDGSEKYYVDSVKG
IGHV3-7*04,25,35,GFTFSSYWMS,49,66,NIKQDGSEKYYVDSVKG
IGHV3-7*05,25,35,GFTFSSYWMS,49,66,NIKQDGSEKYYVDSVKG
IGHV3-9*01,25,35,GFTFDDYAMH,49,66,GISWNSGSIGYADSVKG
IGHV3-9*03,25,35,GFTFDDYAMH,49,66,GISWNSGSIGYADSVKG
IGHV3-9*01_a152g,25,35,GFTFDDYAMH,0,0,
IGHV3-9*01_t307c,25,35,GFTFDDYAMH,49,66,GISWNSGSIGYADSVKG
IGHV3-9*01_a104g,25,35,GFTFGDYAMH,49,66,GISWNSGSIGYADSVKG
IGHV4-28*01,25,36,GYSISSSNWWG,50,66,YIYYSGSTYYNPSLKS
IGHV4-28*02,25,36,GYSISSSNWWG,50,66,YIYYSGSIYYNPSLKS
IGHV4-28*03,25,36,GYSISSSNWWG,50,66,YIYYSGSTYYNPSLKS
IGHV4-28*04,25,36,GYSISSSNWWG,50,66,YIYYSGSTYYNPSLKS
IGHV4-28*06,25,36,GYSISSSNWWG,50,66,YIYYSGSTNYNPSLKS
IGHV4-28*07,25,36,GYSISSSNWWG,50,66,YIYYSGSTYYNPSLKS
IGHV4-30-2*01,25,37,GGSISSGGYSWS,51,67,YIYHSGSTYYNPSLKS
IGHV4-30-2*03,25,37,GGSISSGGYSWS,51,67,SIYYSGSTYYNPSLKS
IGHV4-30-2*05,25,37,GGSISSGGYSWS,51,67,YIYHSGSTYYNPSLKS
IGHV4-30-2*06,25,37,GGSISSGGYSWS,51,67,YIYHSGSTYYNPSLKS
IGHV4-39*01,25,37,GGSISSSSYYWG,51,67,SIYYSGSTYYNPSLKS
IGHV4-39*02,25,37,GGSISSSSYYWG,51,67,SIYYSGSTYYNPSLKS
IGHV4-39*07,25,37,GGSISSSSYYWG,51,67,SIYYSGSTYYNPSLKS
IGHV4-39*07_c288a,25,37,GGSISSSSYYWG,51,67,SIYYSGSTYYNPSLKS
IGHV4-39*02_c258g,25,37,GGSISSSSYYWG,51,67,SIYYSGSTYYNPSLKS
IGHV4-4*02,25,36,GGSISSSNWWS,50,66,EIYHSGSTNYNPSLKS
IGHV4-4*07,25,35,GGSISSYYWS,49,65,RIYTSGSTNYNPSLKS
IGHV4-4*08,25,35,GGSISSYYWS,49,65,YIYTSGSTNYNPSLKS
IGHV4-4*09,25,35,GGSISSYYWS,49,65,YIYTSGSTNYNPSLKS
IGHV4-4*07_a70g,25,35,GGSISSYYWS,49,65,RIYTSGSTNYNPSLKS
IGHV4-59*01,25,35,GGSISSYYWS,49,65,YIYYSGSTNYNPSLKS
IGHV4-59*08,25,35,GGSISSYYWS,49,65,YIYYSGSTNYNPSLKS
IGHV4-59*11,25,35,GGSISSHYWS,49,65,YIYYSGSTNYNPSLKS
IGHV4-59*12,25,35,GGSISSYYWS,49,65,YIYYSGSTNYNPSLKS
IGHV4-59*13,25,35,GGSISSYYWS,49,65,YIYYSGSTNYNPSLKS
IGHV4-61*01,25,37,GGSVSSGSYYWS,51,67,YIYYSGSTNYNPSLKS
IGHV4-61*02,25,37,GGSISSGSYYWS,51,67,RIYTSGSTNYNPSLKS
IGHV4-61*03,25,37,GGSVSSGSYYWS,51,67,YIYYSGSTNYNPSLKS
IGHV4-61*05,25,37,GGSISSSSYYWG,51,67,YIYYSGSTNYNPSLKS
IGHV4-61*08,25,37,GGSVSSGGYYWS,51,67,YIYYSGSTNYNPSLKS
IGHV4-61*09,25,37,GGSISSGSYYWS,51,67,HIYTSGSTNYNPSLKS
IGHV4-61*10,25,37,GGSVSSGSYYWS,51,67,YIYYSGSTNYNPSLKS
IGHV4-61*02_a234g,25,37,GGSISSGSYYWS,51,67,RIYTSGSTNYNPSLKS
