Chain,Position,Mutant,Wild Type,mcsm-ppi2-prediction distance-to-interface,mcsm-ppi2-prediction ddG (kCal/mol),mcsm-ppi2-prediction affinity,SAAMBE3D  ddG (kCal/mol),SAAMBE3D Type,SAAMBE3D Disruptive/Non-disruptive,MutaBind2 DDG,Interface?,Deleterious?,DDE_vdw,DDG_solv,DDG_fold,CS,SA_com_wt,SA_part_wt,N_cont_wt,bootstrapFC,Model_Bias
H,1,E,Q,6.513,-0.072,Decreasing,1.1,Destabilizing,Nondisruptive,-0.1,no,no,0.0541,0.0596,-0.0819,-0.8376,0.1046,0.1897,-0.0176,-0.0018,0.4286
H,6,E,Q,7.02,0.006,Increasing,0.61,Destabilizing,Nondisruptive,-0.4,no,no,0.1313,0.0989,0.0627,-1.0812,0.1042,-0.1408,-0.0006,-0.0018,0.4286
H,28,P,T,3.26,0.331,Increasing,0.05,Destabilizing,Nondisruptive,-0.98,yes,no,0.1821,0.0794,0.7353,-2.1001,0.0682,-0.206,-0.1682,-0.0018,0.4286
H,30,R,S,3.481,0.463,Increasing,1.27,Destabilizing,Nondisruptive,-1.17,yes,no,0.2543,0.1053,-0.0469,-1.3514,-0.2239,-0.1047,-0.2263,-0.0018,0.4286
H,45,P,L,3.473,0.674,Increasing,0.13,Destabilizing,Nondisruptive,-1.16,no,no,0.1351,0.173,-0.3285,-1.6584,0.4014,-0.0178,-0.2942,-0.0018,0.4286
H,57,T,A,8.33,-0.051,Decreasing,0.18,Destabilizing,Nondisruptive,0.45,no,no,-0.0689,-0.117,-0.1825,0.3637,-0.1393,-0.0108,0.1813,-0.0018,0.4286
H,58,K,N,4.035,0.756,Increasing,1.06,Destabilizing,Nondisruptive,-0.75,no,no,0.1278,0.0897,0.082,-1.5652,0.1413,0.1384,-0.1954,-0.0018,0.4286
H,61,P,Q,3.329,0.192,Increasing,0.2,Destabilizing,Nondisruptive,-0.71,no,no,0.1272,0.0917,0.1051,-1.5717,0.1792,0.1366,-0.2098,-0.0018,0.4286
H,73,D,E,6.016,-0.315,Decreasing,1.51,Destabilizing,Nondisruptive,-0.64,yes,no,0.2012,0.1685,-0.6537,-0.8428,0.1183,-0.0497,-0.0085,-0.0018,0.4286
H,74,F,S,3.381,0.168,Increasing,0.92,Destabilizing,Nondisruptive,0.63,yes,no,0.3554,0.1655,1.0227,-1.9334,0.0664,0.4078,0.1223,-0.0018,0.4286
H,75,A,T,3.649,0.263,Increasing,0.11,Destabilizing,Nondisruptive,-1.08,yes,no,0.2555,0.0045,0.1109,-1.4981,-0.1118,-0.0724,-0.1954,-0.0018,0.4286
H,76,G,S,6.246,0.286,Increasing,0.38,Destabilizing,Nondisruptive,-0.29,no,no,0.0466,0.1202,1.0502,-1.6452,-0.0074,-0.2434,-0.0408,-0.0018,0.4286
H,78,V,A,10.777,-0.244,Decreasing,0.65,Destabilizing,Nondisruptive,0.05,no,no,0.0955,0.0865,1.0576,-1.4591,0.0357,-0.297,0.1035,-0.0018,0.4286
H,89,M,V,6.58,0.385,Increasing,0.89,Destabilizing,Nondisruptive,-0.55,no,no,0.1436,0.1301,0.108,-1.4082,0.1799,-0.0588,-0.0743,-0.0018,0.4286
H,94,K,R,6.874,0.129,Increasing,0.93,Destabilizing,Nondisruptive,-0.85,no,no,0.1475,0.1998,0.0191,-1.3021,-0.1138,-0.0632,-0.1679,-0.0018,0.4286
