"","Mutant","Chain","Position","Wild.Type","mcsm.ppi2.prediction.distance.to.interface","mcsm.ppi2.prediction.ddG..kCal.mol.","mcsm.ppi2.prediction.affinity","SAAMBE3D..ddG..kCal.mol.","SAAMBE3D.Type","SAAMBE3D.Disruptive.Non.disruptive","MutaBind2.DDG","Interface.","Deleterious.","DDE_vdw","DDG_solv","DDG_fold","CS","SA_com_wt","SA_part_wt","N_cont_wt","bootstrapFC","Model_Bias","pdb","chem_props","size","polarity","h_bond","hydrophobicity"
"6","D","H","56","G",5.565,-0.061,"Decreasing",1.36,"Destabilizing","Nondisruptive",-1.9,"no","yes",0.1598,0.2082,-1.1381,-1.2334,0.4161,3e-04,-0.7367,-0.0018,0.4286,"1G9M","acidic","small","polar","acceptor","hydrophilic"
"7","D","H","89","E",14.661,0.079,"Increasing",0.58,"Destabilizing","Nondisruptive",-0.39,"no","no",0.0615,0.0554,0.0011,-0.9812,0.1354,0.1221,-0.2108,-0.0018,0.4286,"1G9M","acidic","small","polar","acceptor","hydrophilic"
"8","D","H","27","G",12.646,-0.179,"Decreasing",0.65,"Destabilizing","Nondisruptive",0.29,"no","no",-0.0611,-0.0817,-0.1609,0.1949,-0.1288,0.0453,0.0583,-0.0018,0.4286,"1G9M","acidic","small","polar","acceptor","hydrophilic"
"25","E","H","6","Q",6.818,0.169,"Increasing",0.75,"Destabilizing","Nondisruptive",-0.53,"no","no",0.028,-0.0259,-0.8596,-0.0474,0.1012,-0.0311,-0.1248,-0.0018,0.4286,"1G9M","acidic","medium","polar","acceptor","hydrophilic"
"29","F","H","95","Y",3.667,0.761,"Increasing",0.77,"Destabilizing","Nondisruptive",-1.06,"no","no",0.0931,0.1447,0.0193,-1.4912,0.1807,-0.1073,-0.323,-0.0018,0.4286,"1G9M","aromatic","large","non-polar","none","hydrophobic"
"33","F","H","34","I",8.655,-0.69,"Decreasing",0.88,"Destabilizing","Nondisruptive",-0.4,"no","no",0.0254,0.1809,0.9903,-1.5004,-0.0194,-0.2342,-0.2656,-0.0018,0.4286,"1G9M","aromatic","large","non-polar","none","hydrophobic"
"38","G","H","98","R",7.687,0.9,"Increasing",-0.1,"Stabilizing","Nondisruptive",-1.18,"no","no",0.0091,0.1888,0.7968,-2.0242,0.0074,-0.1655,-0.4153,-0.0018,0.4286,"1G9M","aliphatic","small","non-polar","none","neutral"
"44","H","H","59","N",2.778,0.603,"Increasing",0.91,"Destabilizing","Nondisruptive",-0.41,"yes","no",-0.1233,0.0308,0.0446,-0.8339,0.1384,0.1021,-0.1994,-0.0018,0.4286,"1G9M","basic","medium","polar","donor_and_acceptor","neutral"
"45","H","H","63","K",7.571,0.004,"Increasing",0.46,"Destabilizing","Nondisruptive",-1.11,"no","no",0.0855,0.1122,-0.1567,-1.4107,0.2089,0.0839,-0.4594,-0.0018,0.4286,"1G9M","basic","medium","polar","donor_and_acceptor","neutral"
"52","I","H","30","S",8.615,0.083,"Increasing",0.04,"Destabilizing","Disruptive",-0.74,"no","no",0.0358,0.0997,0.6317,-1.6807,0.118,-0.1753,-0.1996,-0.0018,0.4286,"1G9M","aliphatic","large","non-polar","none","hydrophobic"
"62","L","H","5","V",10.201,0.021,"Increasing",0.54,"Destabilizing","Disruptive",-0.67,"no","no",0.0666,0.0877,0.0864,-1.2646,0.0674,0.1511,-0.2883,-0.0018,0.4286,"1G9M","aliphatic","large","non-polar","none","hydrophobic"
"68","L","H","64","F",9.542,0.39,"Increasing",0.18,"Destabilizing","Nondisruptive",-1.12,"no","no",0.1874,0.2534,-0.0604,-1.0605,-0.2637,-0.0526,-0.5457,-0.0018,0.4286,"1G9M","aliphatic","large","non-polar","none","hydrophobic"
"69","L","H","81","M",12.669,-0.131,"Decreasing",0.19,"Destabilizing","Nondisruptive",0.18,"no","no",-0.062,-0.0527,-0.1919,0.0475,0.1135,-0.2595,0.1567,-0.0018,0.4286,"1G9M","aliphatic","large","non-polar","none","hydrophobic"
"80","N","H","85","S",20.007,-0.03,"Decreasing",0.37,"Destabilizing","Disruptive",-0.34,"no","no",0.0877,0.0542,0.1448,-1.0275,0.0983,0.0496,-0.1721,-0.0018,0.4286,"1G9M","amide","small","polar","donor_and_acceptor","hydrophilic"
"84","P","H","62","Q",4.118,0.214,"Increasing",-0.05,"Stabilizing","Nondisruptive",0,"no","no",-0.0484,-0.0782,-0.1509,0.0719,-0.2732,0.0751,-0.0243,-0.0018,0.4286,"1G9M","aliphatic","small","non-polar","none","neutral"
"90","R","H","31","S",7.894,0.129,"Increasing",0.88,"Destabilizing","Disruptive",-0.66,"no","no",-0.1107,0.1727,0.4006,-1.4326,0.1873,-0.0777,-0.2297,-0.0018,0.4286,"1G9M","basic","large","polar","donor","hydrophilic"
"92","R","H","84","S",14.235,0.112,"Increasing",0.53,"Destabilizing","Nondisruptive",-0.31,"no","no",0.0904,0.1035,0.1177,-1.1364,0.2026,0.0101,-0.1288,-0.0018,0.4286,"1G9M","basic","large","polar","donor","hydrophilic"
"110","S","H","33","T",7.886,-0.299,"Decreasing",0.36,"Destabilizing","Nondisruptive",-0.01,"no","no",-0.2932,-0.1289,-0.2317,0.0546,0.3733,-0.3286,0.1147,-0.0018,0.4286,"1G9M","hydroxyl","small","polar","donor_and_acceptor","neutral"
"116","T","H","53","P",8.504,0.001,"Increasing",0.43,"Destabilizing","Nondisruptive",-1.67,"no","yes",0.1462,0.2969,-0.3684,-1.3444,-0.1005,-0.0223,-0.7031,-0.0018,0.4286,"1G9M","hydroxyl","small","polar","donor_and_acceptor","neutral"
"118","T","H","35","S",6.233,0.161,"Increasing",1,"Destabilizing","Nondisruptive",-0.76,"no","no",0.1122,0.1969,0.0108,-1.0857,0.0244,-0.0644,-0.3767,-0.0018,0.4286,"1G9M","hydroxyl","small","polar","donor_and_acceptor","neutral"
"131","V","H","79","A",14.37,-0.369,"Decreasing",0.34,"Destabilizing","Nondisruptive",1.08,"no","no",-0.3344,-0.2069,0.9185,-0.1076,0.4992,-0.5414,0.4305,-0.0018,0.4286,"1G9M","aliphatic","medium","non-polar","none","hydrophobic"
"132","V","H","57","I",3.797,-0.335,"Decreasing",0.28,"Destabilizing","Nondisruptive",0.96,"yes","no",0.7518,0.0368,-0.6421,0.069,0.2954,-0.0394,0.0664,-0.0018,0.4286,"1G9M","aliphatic","medium","non-polar","none","hydrophobic"
"2","A","H","62","K",6.592,0.237,"Increasing",-1.31,"Stabilizing","Nondisruptive",-0.17,"no","no",0.092,0.0987,-0.2368,-0.8291,0.2275,0.0011,0.046,-0.0018,0.4286,"2CMR","aliphatic","small","non-polar","none","hydrophobic"
"4","A","H","16","S",20.946,0.073,"Increasing",-0.11,"Stabilizing","Nondisruptive",0.03,"no","no",-0.0112,-0.0736,-0.296,0.0907,0.012,-0.1168,-0.0021,-0.0018,0.4286,"2CMR","aliphatic","small","non-polar","none","hydrophobic"
"19","D","H","27","G",6.721,-0.272,"Decreasing",0.65,"Destabilizing","Nondisruptive",0.16,"no","no",-0.086,-0.0847,-0.1746,0.1613,-0.2075,0.0687,0.0527,-0.0018,0.4286,"2CMR","acidic","small","polar","acceptor","hydrophilic"
"54","I","H","89","V",7.378,0.487,"Increasing",0.52,"Destabilizing","Nondisruptive",0.09,"no","no",-0.0822,-0.1141,-0.154,0.1257,-0.1128,-0.0282,0.0259,-0.0018,0.4286,"2CMR","aliphatic","large","non-polar","none","hydrophobic"
"77","N","H","72","D",10.953,0.224,"Increasing",0,"Destabilizing","Disruptive",-0.77,"no","no",0.167,0.1665,-0.237,-1.4604,0.2231,-0.0497,-0.0032,-0.0018,0.4286,"2CMR","amide","small","polar","donor_and_acceptor","hydrophilic"
"89","R","H","12","K",18.636,-0.087,"Decreasing",0.32,"Destabilizing","Nondisruptive",-0.14,"no","no",0.1249,0.0627,0.0777,-0.9558,0.2034,-0.104,0.0194,-0.0018,0.4286,"2CMR","basic","large","polar","donor","hydrophilic"
"9","D","D","3089","E",12.455,0.082,"Increasing",0.38,"Destabilizing","Nondisruptive",-0.26,"no","no",0.0878,0.0376,0.0762,-0.9564,0.0462,0.0835,-0.0654,-0.0018,0.4286,"2NXY","acidic","small","polar","acceptor","hydrophilic"
"11","D","D","3056","G",5.932,-0.058,"Decreasing",1.12,"Destabilizing","Nondisruptive",-1.19,"yes","no",0.1402,0.1828,-0.5411,-1.4109,0.2967,0.0092,-0.2968,-0.0018,0.4286,"2NXY","acidic","small","polar","acceptor","hydrophilic"
"17","D","D","3027","G",11.159,-0.142,"Decreasing",0.47,"Destabilizing","Nondisruptive",0.51,"no","no",-0.266,-0.1673,1.0592,-0.249,-0.3715,-0.2258,0.3057,-0.0018,0.4286,"2NXY","acidic","small","polar","acceptor","hydrophilic"
"20","E","D","3006","Q",6.824,0.108,"Increasing",0.36,"Destabilizing","Nondisruptive",-0.24,"no","no",0.0429,-0.0107,-0.5712,-0.0659,0.0856,-0.205,0.0553,-0.0018,0.4286,"2NXY","acidic","medium","polar","acceptor","hydrophilic"
"27","E","D","3001","Q",3.662,0.223,"Increasing",0.7,"Destabilizing","Nondisruptive",-0.56,"no","no",0.0584,0.0394,-0.299,-0.9154,0.2051,0.0878,-0.1604,-0.0018,0.4286,"2NXY","acidic","medium","polar","acceptor","hydrophilic"
"32","F","D","3095","Y",3.695,0.524,"Increasing",0.5,"Destabilizing","Nondisruptive",-0.77,"no","no",0.1087,0.1251,0.066,-1.4008,0.1505,-0.1118,-0.1361,-0.0018,0.4286,"2NXY","aromatic","large","non-polar","none","hydrophobic"
"35","F","D","3034","I",8.785,-0.737,"Decreasing",0.6,"Destabilizing","Nondisruptive",-0.55,"no","no",0.0779,0.1284,0.4327,-1.454,0.087,-0.1654,-0.0859,-0.0018,0.4286,"2NXY","aromatic","large","non-polar","none","hydrophobic"
"39","G","D","3098","R",7.167,0.814,"Increasing",-0.26,"Stabilizing","Nondisruptive",-1.14,"no","no",0.0331,0.1373,0.7578,-2.1333,0.0315,-0.183,-0.2109,-0.0018,0.4286,"2NXY","aliphatic","small","non-polar","none","neutral"
"43","H","D","3063","K",7.399,-0.034,"Decreasing",0.28,"Destabilizing","Nondisruptive",-1.24,"no","no",0.1098,0.1088,-0.4155,-1.447,0.2215,0.0774,-0.3264,-0.0018,0.4286,"2NXY","basic","medium","polar","donor_and_acceptor","neutral"
"49","H","D","3059","N",2.764,0.329,"Increasing",0.9,"Destabilizing","Nondisruptive",-0.43,"yes","no",-0.1811,-0.0141,0.0771,-0.8479,0.1166,0.1117,-0.1205,-0.0018,0.4286,"2NXY","basic","medium","polar","donor_and_acceptor","neutral"
"53","I","D","3030","S",7.454,0.075,"Increasing",-0.06,"Stabilizing","Disruptive",-0.71,"no","no",0.041,0.0948,0.3853,-1.582,0.1949,-0.1173,-0.1517,-0.0018,0.4286,"2NXY","aliphatic","large","non-polar","none","hydrophobic"
"63","L","D","3064","F",9.242,0.337,"Increasing",0.01,"Destabilizing","Nondisruptive",0.06,"no","no",0.0375,0.0816,0.6853,-1.0225,0.0686,-0.2874,0.0678,-0.0018,0.4286,"2NXY","aliphatic","large","non-polar","none","hydrophobic"
"67","L","D","3081","M",13.136,-0.225,"Decreasing",0,"Destabilizing","Nondisruptive",0.14,"no","no",-0.0718,-0.0595,-0.1991,-0.0832,0.2498,-0.2689,0.1477,-0.0018,0.4286,"2NXY","aliphatic","large","non-polar","none","hydrophobic"
"75","N","D","3085","S",19.326,-0.047,"Decreasing",0.23,"Destabilizing","Disruptive",-0.36,"no","no",0.0805,0.0256,0.1249,-1.0792,0.0254,0.1344,-0.0959,-0.0018,0.4286,"2NXY","amide","small","polar","donor_and_acceptor","hydrophilic"
"83","P","D","3062","Q",3.706,0.146,"Increasing",-0.15,"Stabilizing","Nondisruptive",0.28,"no","no",-0.041,-0.1011,0.0317,0.1496,-0.309,0.0856,0.0373,-0.0018,0.4286,"2NXY","aliphatic","small","non-polar","none","neutral"
"91","R","D","3031","S",7.314,0.073,"Increasing",0.73,"Destabilizing","Disruptive",-0.59,"no","no",-0.4738,0.5319,0.0772,-1.307,0.2998,-0.1137,-0.0276,-0.0018,0.4286,"2NXY","basic","large","polar","donor","hydrophilic"
"97","R","D","3084","S",14.664,0.171,"Increasing",0.43,"Destabilizing","Nondisruptive",-0.29,"no","no",0.1104,0.0908,0.0708,-1.1497,0.1836,-0.0068,-0.0155,-0.0018,0.4286,"2NXY","basic","large","polar","donor","hydrophilic"
"109","S","D","3033","T",7.771,-0.433,"Decreasing",0.24,"Destabilizing","Nondisruptive",0.78,"no","no",-0.2839,-0.1943,0.4092,0.0197,0.5462,-0.4914,0.3435,-0.0018,0.4286,"2NXY","hydroxyl","small","polar","donor_and_acceptor","neutral"
"111","T","D","3053","P",8.177,0.007,"Increasing",0.21,"Destabilizing","Nondisruptive",-1.26,"no","no",0.1414,0.1967,-0.3344,-1.3121,-0.0723,0.0055,-0.3116,-0.0018,0.4286,"2NXY","hydroxyl","small","polar","donor_and_acceptor","neutral"
"117","T","D","3035","S",6.109,0.017,"Increasing",0.8,"Destabilizing","Nondisruptive",-0.35,"no","no",0.1846,0.1464,0.0932,-0.9984,-0.0551,-0.0581,-0.0937,-0.0018,0.4286,"2NXY","hydroxyl","small","polar","donor_and_acceptor","neutral"
"126","V","D","3057","I",3.546,-0.532,"Decreasing",0.26,"Destabilizing","Nondisruptive",0.52,"yes","no",0.1981,-0.0615,-0.3794,0.0258,0.203,-0.0128,0.1244,-0.0018,0.4286,"2NXY","aliphatic","medium","non-polar","none","hydrophobic"
"127","V","D","3079","A",14.428,-0.369,"Decreasing",0.09,"Destabilizing","Nondisruptive",1,"no","no",-0.3259,-0.2502,0.9301,-0.1243,0.4892,-0.587,0.4452,-0.0018,0.4286,"2NXY","aliphatic","medium","non-polar","none","hydrophobic"
"13","D","D","3027","G",11.471,-0.398,"Decreasing",0.47,"Destabilizing","Nondisruptive",0.7,"no","no",-0.301,-0.2049,1.0586,-0.0125,-0.3804,-0.2357,0.3455,-0.0018,0.4286,"2NY1","acidic","small","polar","acceptor","hydrophilic"
"16","D","D","3056","G",5.855,-0.04,"Decreasing",1.23,"Destabilizing","Nondisruptive",-1.27,"yes","no",0.1248,0.1675,-0.4189,-1.493,0.2812,0.0053,-0.363,-0.0018,0.4286,"2NY1","acidic","small","polar","acceptor","hydrophilic"
"18","D","D","3089","E",12.778,0.111,"Increasing",0.38,"Destabilizing","Nondisruptive",-0.48,"no","no",0.0984,0.0695,-0.092,-1.0559,0.1289,0.0745,-0.1339,-0.0018,0.4286,"2NY1","acidic","small","polar","acceptor","hydrophilic"
"21","E","D","3006","Q",6.895,0.109,"Increasing",0.36,"Destabilizing","Nondisruptive",-0.79,"no","no",0.0688,-0.0287,-1.2007,0.0298,0.041,-0.0117,-0.1197,-0.0018,0.4286,"2NY1","acidic","medium","polar","acceptor","hydrophilic"
"26","E","D","3001","Q",6.054,0.18,"Increasing",0.7,"Destabilizing","Nondisruptive",0.16,"no","no",-0.0449,-0.0734,-0.1851,0.1009,-0.2082,0.1083,0.035,-0.0018,0.4286,"2NY1","acidic","medium","polar","acceptor","hydrophilic"
"34","F","D","3034","I",8.843,-0.712,"Decreasing",0.6,"Destabilizing","Nondisruptive",-0.79,"no","no",0.1387,0.1866,0.1796,-1.3222,-0.1284,-0.0995,-0.1713,-0.0018,0.4286,"2NY1","aromatic","large","non-polar","none","hydrophobic"
"37","F","D","3095","Y",3.62,0.553,"Increasing",0.5,"Destabilizing","Nondisruptive",-0.63,"no","no",0.1146,0.1282,0.0627,-1.2905,0.1357,-0.1129,-0.0931,-0.0018,0.4286,"2NY1","aromatic","large","non-polar","none","hydrophobic"
"41","G","D","3098","R",7.328,0.824,"Increasing",-0.26,"Stabilizing","Nondisruptive",-0.99,"no","no",0.0156,0.1216,0.8189,-2.0761,0.0415,-0.1718,-0.1631,-0.0018,0.4286,"2NY1","aliphatic","small","non-polar","none","neutral"
"42","H","D","3063","K",7.629,0.026,"Increasing",0.28,"Destabilizing","Nondisruptive",-1.1,"no","no",0.1094,0.0815,-0.35,-1.3367,0.1648,0.0939,-0.2938,-0.0018,0.4286,"2NY1","basic","medium","polar","donor_and_acceptor","neutral"
"46","H","D","3059","N",2.825,0.316,"Increasing",0.89,"Destabilizing","Nondisruptive",0.16,"yes","no",-0.0441,-0.1027,-0.1703,0.0342,-0.1041,0.0736,0.0422,-0.0018,0.4286,"2NY1","basic","medium","polar","donor_and_acceptor","neutral"
"56","I","D","3030","S",7.343,0.148,"Increasing",-0.06,"Stabilizing","Disruptive",-0.86,"no","no",0.1502,0.1242,0.1103,-1.4999,0.1749,-0.1153,-0.2295,-0.0018,0.4286,"2NY1","aliphatic","large","non-polar","none","hydrophobic"
"64","L","D","3081","M",12.904,-0.157,"Decreasing",0,"Destabilizing","Nondisruptive",0.19,"no","no",-0.0816,-0.0729,-0.1859,0.0367,0.1654,-0.2706,0.1769,-0.0018,0.4286,"2NY1","aliphatic","large","non-polar","none","hydrophobic"
"66","L","D","3064","F",9.37,0.477,"Increasing",0.01,"Destabilizing","Nondisruptive",-0.39,"no","no",0.161,0.1302,0.0541,-0.8645,-0.126,-0.1266,-0.0452,-0.0018,0.4286,"2NY1","aliphatic","large","non-polar","none","hydrophobic"
"78","N","D","3085","S",19.144,-0.031,"Decreasing",0.23,"Destabilizing","Disruptive",-0.3,"no","no",0.0818,0.0198,0.147,-1.0336,0.0172,0.1335,-0.097,-0.0018,0.4286,"2NY1","amide","small","polar","donor_and_acceptor","hydrophilic"
"87","P","D","3062","Q",3.721,0.15,"Increasing",-0.15,"Stabilizing","Nondisruptive",0.35,"no","no",-0.0829,-0.1214,0.109,0.1632,-0.3128,0.0929,0.0719,-0.0018,0.4286,"2NY1","aliphatic","small","non-polar","none","neutral"
"98","R","D","3031","S",6.966,0.168,"Increasing",0.73,"Destabilizing","Disruptive",-0.42,"no","no",-0.4907,0.5634,0.1155,-1.2233,0.2933,-0.1333,0.0305,-0.0018,0.4286,"2NY1","basic","large","polar","donor","hydrophilic"
"99","R","D","3084","S",13.626,0.191,"Increasing",0.43,"Destabilizing","Nondisruptive",-0.17,"no","no",0.1083,0.087,0.0479,-1.0214,0.176,-0.0077,0.0087,-0.0018,0.4286,"2NY1","basic","large","polar","donor","hydrophilic"
"105","S","D","3033","T",7.762,-0.479,"Decreasing",0.24,"Destabilizing","Nondisruptive",0.76,"no","no",-0.1582,-0.1491,0.1025,0.0425,0.538,-0.3671,0.3287,-0.0018,0.4286,"2NY1","hydroxyl","small","polar","donor_and_acceptor","neutral"
"114","T","D","3035","S",6.044,0.061,"Increasing",0.8,"Destabilizing","Nondisruptive",-0.41,"no","no",0.1629,0.1394,0.0735,-0.9983,-0.0532,-0.0623,-0.0954,-0.0018,0.4286,"2NY1","hydroxyl","small","polar","donor_and_acceptor","neutral"
"119","T","D","3053","P",8.203,0.021,"Increasing",0.21,"Destabilizing","Nondisruptive",-1.16,"no","no",0.1547,0.1753,-0.3548,-1.2111,-0.0425,-0.0269,-0.2768,-0.0018,0.4286,"2NY1","hydroxyl","small","polar","donor_and_acceptor","neutral"
"130","V","D","3057","I",3.51,-0.562,"Decreasing",0.3,"Destabilizing","Nondisruptive",0.81,"yes","no",0.5834,0.042,-0.5383,0.0332,0.2423,-0.0828,0.1002,-0.0018,0.4286,"2NY1","aliphatic","medium","non-polar","none","hydrophobic"
"133","V","D","3079","A",14.345,-0.341,"Decreasing",0.09,"Destabilizing","Nondisruptive",1,"no","no",-0.3394,-0.2576,0.912,-0.0955,0.5004,-0.5941,0.4489,-0.0018,0.4286,"2NY1","aliphatic","medium","non-polar","none","hydrophobic"
"12","D","H","55","G",3.247,0.063,"Increasing",1.06,"Destabilizing","Nondisruptive",-0.98,"yes","no",0.1218,0.2103,-0.4355,-1.5611,0.1651,0.1692,-0.0717,-0.0018,0.4286,"2XRA","acidic","small","polar","acceptor","hydrophilic"
"22","E","H","6","Q",6.993,0.171,"Increasing",0.65,"Destabilizing","Nondisruptive",-0.78,"no","no",0.1381,-0.0788,-1.1938,-0.0931,0.02,-0.04,0.0441,-0.0018,0.4286,"2XRA","acidic","medium","polar","acceptor","hydrophilic"
"51","I","H","56","T",3.206,-0.486,"Decreasing",0.4,"Destabilizing","Nondisruptive",1.15,"yes","no",0.602,0.1584,1.0817,-1.1397,0.1593,-0.1581,0.0198,-0.0018,0.4286,"2XRA","aliphatic","large","non-polar","none","hydrophobic"
"57","I","H","70","T",14.15,0.079,"Increasing",0.04,"Destabilizing","Nondisruptive",-0.63,"no","no",0.1393,0.112,0.07,-1.5118,0.27,-0.0189,-0.1211,-0.0018,0.4286,"2XRA","aliphatic","large","non-polar","none","hydrophobic"
"65","L","H","32","Y",4.003,0.938,"Increasing",-0.03,"Stabilizing","Nondisruptive",-1,"yes","no",0.1126,0.1401,0.7749,-2.0668,-0.1769,-0.1668,-0.0481,-0.0018,0.4286,"2XRA","aliphatic","large","non-polar","none","hydrophobic"
"72","M","H","52","I",3.692,-0.964,"Decreasing",0.79,"Destabilizing","Nondisruptive",1.02,"yes","no",0.3749,0.0516,-0.3079,0.0905,0.3606,-0.0175,0.0422,-0.0018,0.4286,"2XRA","sulphur","large","non-polar","none","hydrophobic"
"73","M","H","34","I",6.872,-0.012,"Decreasing",0.59,"Destabilizing","Nondisruptive",0.14,"no","no",-0.1003,-0.0662,-0.1248,-0.0691,0.2743,-0.3303,0.1322,-0.0018,0.4286,"2XRA","sulphur","large","non-polar","none","hydrophobic"
"81","N","H","30","S",4.106,0.165,"Increasing",0.58,"Destabilizing","Disruptive",-0.33,"no","no",0.1596,0.1124,-0.1484,-1.0473,0.2275,-0.0214,-0.0369,-0.0018,0.4286,"2XRA","amide","small","polar","donor_and_acceptor","hydrophilic"
"94","R","H","82A","S",18.924,0.118,"Increasing",0.37,"Destabilizing","Nondisruptive",-0.41,"no","no",0.0836,0.0329,-0.0186,-1.0816,0.0787,0.1698,-0.1056,-0.0018,0.4286,"2XRA","basic","large","polar","donor","hydrophilic"
"95","R","H","31","S",3.735,0.11,"Increasing",0.72,"Destabilizing","Nondisruptive",-0.23,"yes","no",0.3943,0.1612,0.0139,-1.2792,-0.0796,0.1655,-0.0329,-0.0018,0.4286,"2XRA","basic","large","polar","donor","hydrophilic"
"101","S","H","87","T",12.592,0.045,"Increasing",0.08,"Destabilizing","Nondisruptive",-0.84,"no","no",0.1649,0.1435,-0.1539,-1.4025,0.1817,-0.07,-0.1316,-0.0018,0.4286,"2XRA","hydroxyl","small","polar","donor_and_acceptor","neutral"
"112","T","H","71","A",11.395,-0.103,"Decreasing",0.28,"Destabilizing","Disruptive",-0.06,"no","no",0.0689,0.031,0.0472,-0.71,0.1228,-0.0614,0.0132,-0.0018,0.4286,"2XRA","hydroxyl","small","polar","donor_and_acceptor","neutral"
"122","T","H","57","A",5.47,-0.365,"Decreasing",0.14,"Destabilizing","Nondisruptive",0.29,"yes","no",-0.1268,-0.1132,-0.1289,0.377,-0.2105,-0.0077,0.0726,-0.0018,0.4286,"2XRA","hydroxyl","small","polar","donor_and_acceptor","neutral"
"123","T","H","83","R",19.089,0.226,"Increasing",0.34,"Destabilizing","Nondisruptive",-0.27,"no","no",0.1458,0.116,-0.1309,-1.0369,0.2653,-0.0127,-0.0474,-0.0018,0.4286,"2XRA","hydroxyl","small","polar","donor_and_acceptor","neutral"
"124","T","H","24","A",11.818,-0.027,"Decreasing",0.18,"Destabilizing","Nondisruptive",-0.79,"no","no",0.1869,0.2171,0.0729,-1.234,-0.338,-0.1085,-0.0113,-0.0018,0.4286,"2XRA","hydroxyl","small","polar","donor_and_acceptor","neutral"
"5","A","H","75","T",3.649,0.263,"Increasing",0.11,"Destabilizing","Nondisruptive",-1.08,"yes","no",0.2555,0.0045,0.1109,-1.4981,-0.1118,-0.0724,-0.1954,-0.0018,0.4286,"3GBN","aliphatic","small","non-polar","none","hydrophobic"
"14","D","H","73","E",6.016,-0.315,"Decreasing",1.51,"Destabilizing","Nondisruptive",-0.64,"yes","no",0.2012,0.1685,-0.6537,-0.8428,0.1183,-0.0497,-0.0085,-0.0018,0.4286,"3GBN","acidic","small","polar","acceptor","hydrophilic"
"23","E","H","6","Q",7.02,0.006,"Increasing",0.61,"Destabilizing","Nondisruptive",-0.4,"no","no",0.1313,0.0989,0.0627,-1.0812,0.1042,-0.1408,-6e-04,-0.0018,0.4286,"3GBN","acidic","medium","polar","acceptor","hydrophilic"
"28","E","H","1","Q",6.513,-0.072,"Decreasing",1.1,"Destabilizing","Nondisruptive",-0.1,"no","no",0.0541,0.0596,-0.0819,-0.8376,0.1046,0.1897,-0.0176,-0.0018,0.4286,"3GBN","acidic","medium","polar","acceptor","hydrophilic"
"36","F","H","74","S",3.381,0.168,"Increasing",0.92,"Destabilizing","Nondisruptive",0.63,"yes","no",0.3554,0.1655,1.0227,-1.9334,0.0664,0.4078,0.1223,-0.0018,0.4286,"3GBN","aromatic","large","non-polar","none","hydrophobic"
"40","G","H","76","S",6.246,0.286,"Increasing",0.38,"Destabilizing","Nondisruptive",-0.29,"no","no",0.0466,0.1202,1.0502,-1.6452,-0.0074,-0.2434,-0.0408,-0.0018,0.4286,"3GBN","aliphatic","small","non-polar","none","neutral"
"58","K","H","58","N",4.035,0.756,"Increasing",1.06,"Destabilizing","Nondisruptive",-0.75,"no","no",0.1278,0.0897,0.082,-1.5652,0.1413,0.1384,-0.1954,-0.0018,0.4286,"3GBN","basic","large","polar","donor","hydrophilic"
"61","K","H","94","R",6.874,0.129,"Increasing",0.93,"Destabilizing","Nondisruptive",-0.85,"no","no",0.1475,0.1998,0.0191,-1.3021,-0.1138,-0.0632,-0.1679,-0.0018,0.4286,"3GBN","basic","large","polar","donor","hydrophilic"
"70","M","H","89","V",6.58,0.385,"Increasing",0.89,"Destabilizing","Nondisruptive",-0.55,"no","no",0.1436,0.1301,0.108,-1.4082,0.1799,-0.0588,-0.0743,-0.0018,0.4286,"3GBN","sulphur","large","non-polar","none","hydrophobic"
"85","P","H","61","Q",3.329,0.192,"Increasing",0.2,"Destabilizing","Nondisruptive",-0.71,"no","no",0.1272,0.0917,0.1051,-1.5717,0.1792,0.1366,-0.2098,-0.0018,0.4286,"3GBN","aliphatic","small","non-polar","none","neutral"
"86","P","H","45","L",3.473,0.674,"Increasing",0.13,"Destabilizing","Nondisruptive",-1.16,"no","no",0.1351,0.173,-0.3285,-1.6584,0.4014,-0.0178,-0.2942,-0.0018,0.4286,"3GBN","aliphatic","small","non-polar","none","neutral"
"88","P","H","28","T",3.26,0.331,"Increasing",0.05,"Destabilizing","Nondisruptive",-0.98,"yes","no",0.1821,0.0794,0.7353,-2.1001,0.0682,-0.206,-0.1682,-0.0018,0.4286,"3GBN","aliphatic","small","non-polar","none","neutral"
"93","R","H","30","S",3.481,0.463,"Increasing",1.27,"Destabilizing","Nondisruptive",-1.17,"yes","no",0.2543,0.1053,-0.0469,-1.3514,-0.2239,-0.1047,-0.2263,-0.0018,0.4286,"3GBN","basic","large","polar","donor","hydrophilic"
"113","T","H","57","A",8.33,-0.051,"Decreasing",0.18,"Destabilizing","Nondisruptive",0.45,"no","no",-0.0689,-0.117,-0.1825,0.3637,-0.1393,-0.0108,0.1813,-0.0018,0.4286,"3GBN","hydroxyl","small","polar","donor_and_acceptor","neutral"
"128","V","H","78","A",10.777,-0.244,"Decreasing",0.65,"Destabilizing","Nondisruptive",0.05,"no","no",0.0955,0.0865,1.0576,-1.4591,0.0357,-0.297,0.1035,-0.0018,0.4286,"3GBN","aliphatic","medium","non-polar","none","hydrophobic"
"3","A","B","41","P",7.771,0.385,"Increasing",0.18,"Destabilizing ","Nondisruptive",-0.82,"no","no",0.2837,0.1971,-0.7954,-1.2181,0.3282,-0.0039,-0.04,-0.0018,0.4286,"3NPS","aliphatic","small","non-polar","none","hydrophobic"
"24","E","B","1","Q",5.688,0.348,"Increasing",0.75,"Destabilizing","Nondisruptive",-0.09,"yes","no",0.03,0.0535,-0.0988,-0.7764,0.1053,0.2221,-0.0546,-0.0018,0.4286,"3NPS","acidic","medium","polar","acceptor","hydrophilic"
"1","A","H","58","N",5.271,0.694,"Increasing",-0.9,"Stabilizing","Nondisruptive",-0.75,"yes","no",0.1131,0.1709,-0.0703,-1.2977,0.0479,-0.0878,-0.0502,-0.0018,0.4286,"4FQI","aliphatic","small","non-polar","none","hydrophobic"
"15","D","H","46","E",4.082,0.605,"Increasing",1.14,"Destabilizing","Nondisruptive",-0.86,"no","no",0.1715,0.1639,-0.2964,-1.4008,0.2329,-0.0568,-0.0964,-0.0018,0.4286,"4FQI","acidic","small","polar","acceptor","hydrophilic"
"30","F","H","74","S",3.178,0.241,"Increasing",1.42,"Destabilizing","Nondisruptive",0.33,"yes","no",0.4407,0.0783,1.046,-1.8247,-0.0775,0.3329,-0.0937,-0.0018,0.4286,"4FQI","aromatic","large","non-polar","none","hydrophobic"
"31","F","H","91","Y",3.56,0.435,"Increasing",0.65,"Destabilizing","Nondisruptive",-0.68,"no","no",0.1525,0.1015,-0.1543,-1.1892,0.1026,-0.0745,-0.0504,-0.0018,0.4286,"4FQI","aromatic","large","non-polar","none","hydrophobic"
"55","I","H","73","E",3.501,-0.857,"Decreasing",1.19,"Destabilizing","Nondisruptive",0.06,"yes","no",0.0654,0.347,0.9815,-1.4477,-0.1172,-0.1555,-0.0442,-0.0018,0.4286,"4FQI","aliphatic","large","non-polar","none","hydrophobic"
"74","N","H","76","S",5.478,0.428,"Increasing",0.64,"Destabilizing","Nondisruptive",0.32,"no","no",-0.0709,-0.1183,-0.1518,0.3595,-0.1181,-0.061,0.0523,-0.0018,0.4286,"4FQI","amide","small","polar","donor_and_acceptor","hydrophilic"
"76","N","H","31","S",2.921,0.936,"Increasing",1.37,"Destabilizing","Disruptive",0.85,"yes","no",0.1361,0.0216,-0.2109,-0.0459,0.3277,0.1875,0.0058,-0.0018,0.4286,"4FQI","amide","small","polar","donor_and_acceptor","hydrophilic"
"79","N","H","82A","S",17.869,-0.007,"Decreasing",0.71,"Destabilizing","Disruptive ",0.25,"no","no",-0.1321,-0.1338,-0.1246,0.3179,-0.1252,-0.0385,0.0626,-0.0018,0.4286,"4FQI","amide","small","polar","donor_and_acceptor","hydrophilic"
"82","N","H","30","S",4.268,1.104,"Increasing",0.57,"Destabilizing","Disruptive",-0.57,"yes","no",0.2767,0.1877,-0.1399,-0.9388,-0.2459,-0.1195,-0.0147,-0.0018,0.4286,"4FQI","amide","small","polar","donor_and_acceptor","hydrophilic"
"100","S","H","56","T",5.472,-0.036,"Decreasing",0.65,"Destabilizing","Nondisruptive",0.07,"yes","no",-0.0652,-0.079,-0.0919,-0.0443,0.0918,-0.1721,0.0042,-0.0018,0.4286,"4FQI","hydroxyl","small","polar","donor_and_acceptor","neutral"
"102","S","H","70","T",9.913,0.09,"Increasing",0.92,"Destabilizing","Nondisruptive",0.2,"no","no",-0.0721,-0.0967,-0.1095,0.0904,0.0281,-0.1069,0.0413,-0.0018,0.4286,"4FQI","hydroxyl","small","polar","donor_and_acceptor","neutral"
"103","S","H","24","A",9.885,0.247,"Increasing",0.48,"Destabilizing","Nondisruptive",-0.54,"no","no",0.2312,0.1932,0.0827,-1.2164,-0.1673,-0.0755,-0.0131,-0.0018,0.4286,"4FQI","hydroxyl","small","polar","donor_and_acceptor","neutral"
"104","S","H","52","I",5.241,-0.292,"Decreasing",0.45,"Destabilizing","Nondisruptive",0.93,"no","no",-0.3965,-0.2808,0.8412,0.2722,0.5666,-0.6662,0.1657,-0.0018,0.4286,"4FQI","hydroxyl","small","polar","donor_and_acceptor","neutral"
"106","S","H","29","F",6.413,1.007,"Increasing",0.14,"Destabilizing","Disruptive ",-1.12,"no","no",0.215,0.3173,0.0675,-1.6912,-0.386,-0.1415,0.0768,-0.0018,0.4286,"4FQI","hydroxyl","small","polar","donor_and_acceptor","neutral"
"108","S","H","75","T",4.43,0.088,"Increasing",0.62,"Destabilizing","Nondisruptive",0.25,"yes","no",-0.0251,-0.084,-0.1495,0.0919,0.083,-0.1275,0.0314,-0.0018,0.4286,"4FQI","hydroxyl","small","polar","donor_and_acceptor","neutral"
"120","T","H","83","R",18.331,0.12,"Increasing",0.34,"Destabilizing","Nondisruptive",-0.61,"no","no",0.13,0.1387,-0.4374,-1.1081,0.3116,-0.0522,-0.0163,-0.0018,0.4286,"4FQI","hydroxyl","small","polar","donor_and_acceptor","neutral"
"121","T","H","57","A",7.598,-0.108,"Decreasing",0.48,"Destabilizing","Nondisruptive",0.12,"no","no",-0.1478,-0.173,-0.1723,0.354,-0.2108,-0.0081,0.0518,-0.0018,0.4286,"4FQI","hydroxyl","small","polar","donor_and_acceptor","neutral"
"59","K","I","73","E",2.734,-0.312,"Decreasing",0.99,"Destabilizing","Nondisruptive",1,"yes","no",-0.0528,0.7909,-0.2439,-0.0354,-0.261,0.3009,0.0726,-0.0018,0.4286,"4M62","basic","large","polar","donor","hydrophilic"
"60","K","D","73","E",2.746,-0.443,"Decreasing",1.72,"Destabilizing","Nondisruptive",0.07,"yes","no",0.3278,-0.8964,-0.2186,0.3781,-0.1209,0.0156,0.1564,-0.0018,0.4286,"4XAK","basic","large","polar","donor","hydrophilic"
"107","S","D","58","N",3.354,0.45,"Increasing",0.57,"Destabilizing","Nondisruptive",-0.22,"yes","no",0.1208,0.0746,-0.0136,-0.823,0.0429,-0.0766,0.0262,-0.0018,0.4286,"4XAK","hydroxyl","small","polar","donor_and_acceptor","neutral"
"10","D","H","59","N",2.542,1.036,"Increasing",1.58,"Destabilizing","Nondisruptive",-0.89,"yes","no",0.0015,-0.1604,-0.3932,-1.011,0.1926,0.0902,-0.0361,-0.0018,0.4286,"5CZX","acidic","small","polar","acceptor","hydrophilic"
"47","H","H","35","S",3.774,-1.69,"Decreasing",0.72,"Destabilizing","Nondisruptive",0.96,"yes","no",-0.3079,-0.2602,0.8071,0.3016,0.006,-0.1923,0.1779,-0.0018,0.4286,"5CZX","basic","medium","polar","donor_and_acceptor","neutral"
"48","H","H","55","F",2.802,-0.326,"Decreasing",0.42,"Destabilizing","Disruptive",-0.31,"yes","no",-0.0044,-0.1258,-0.4819,0.0603,-0.2624,0.0789,0.0033,-0.0018,0.4286,"5CZX","basic","medium","polar","donor_and_acceptor","neutral"
"50","I","H","57","T",3.575,-0.86,"Decreasing",0.28,"Destabilizing","Disruptive",1.29,"yes","no",0.6011,0.1388,1.141,-1.1949,-0.0401,0.2638,-0.0416,-0.0018,0.4286,"5CZX","aliphatic","large","non-polar","none","hydrophobic"
"71","M","H","34","I",6.864,0.145,"Increasing",0.45,"Destabilizing","Disruptive",1.09,"no","no",-0.3769,-0.2498,0.8799,0.0982,0.589,-0.6428,0.3704,-0.0018,0.4286,"5CZX","sulphur","large","non-polar","none","hydrophobic"
"96","R","H","30","S",7.615,0.086,"Increasing",0.38,"Destabilizing","Nondisruptive",0.04,"no","no",-0.0074,0.5134,0.1203,-1.4713,0.2078,0.2434,0.0049,-0.0018,0.4286,"5CZX","basic","large","polar","donor","hydrophilic"
"115","T","H","31","S",3.712,0.601,"Increasing",0.44,"Destabilizing","Nondisruptive",-0.22,"yes","no",0.0495,0.0572,0.0552,-0.8044,0.0621,-0.0789,0.0166,-0.0018,0.4286,"5CZX","hydroxyl","small","polar","donor_and_acceptor","neutral"
"125","T","H","58","A",4.301,-0.288,"Decreasing",0.81,"Destabilizing","Nondisruptive",0.36,"yes","no",-0.0785,-0.1299,-0.1616,0.4044,-0.1587,-0.0291,0.0815,-0.0018,0.4286,"5CZX","hydroxyl","small","polar","donor_and_acceptor","neutral"
"129","V","H","52","I",3.162,-0.398,"Decreasing",0.2,"Destabilizing","Nondisruptive",0.58,"yes","no",0.0842,-0.1715,-0.4033,-0.0174,0.5987,-0.0313,0.094,-0.0018,0.4286,"5CZX","aliphatic","medium","non-polar","none","hydrophobic"
"134","Y","H","54","I",6.19,-0.409,"Decreasing",1.12,"Destabilizing","Nondisruptive",0.13,"no","no",-0.0967,-0.1311,-0.1684,0.1944,-0.2664,0.0812,0.0874,-0.0018,0.4286,"5CZX","aromatic","large","polar","donor_and_acceptor","neutral"
